id_user,no_sk,id_posyandu,created_at,updated_at
224100,SK-F7133ED08A03,389,2025-07-29 12:01:20,2025-07-29 12:01:20
245891,SK-3BBED7060C62,276,2026-02-18 15:02:11,2026-02-18 15:02:11
225470,SK-45B893160BE0,414,2026-03-26 09:08:52,2026-03-26 09:08:52
238824,SK-13A0FC61B788,312,2026-05-24 08:51:02,2026-05-24 08:51:02
232182,SK-2AD55CF721E4,29,2025-10-13 15:16:26,2025-10-13 15:16:26
212511,SK-99C9D86398D2,417,2024-06-28 05:36:19,2024-06-28 05:36:19
207615,SK-A984C6392CF3,191,2025-05-21 22:55:07,2025-05-21 22:55:07
237852,SK-1C6364A5EA3E,459,2026-01-13 18:34:26,2026-01-13 18:34:26
247716,SK-28B1069CEA6A,389,2024-10-29 08:32:45,2024-10-29 08:32:45
213508,SK-02EE9A4FAF11,301,2026-01-03 19:28:28,2026-01-03 19:28:28
249328,SK-22276E4A7854,439,2026-05-20 02:59:09,2026-05-20 02:59:09
229665,SK-6B49B4E2B42F,467,2025-06-13 18:10:11,2025-06-13 18:10:11
217395,SK-1B59E3CF36FC,390,2025-11-23 06:17:29,2025-11-23 06:17:29
224457,SK-96C3ADAE7704,63,2026-02-11 16:21:03,2026-02-11 16:21:03
217939,SK-456CEBD00DC7,316,2025-11-17 09:04:16,2025-11-17 09:04:16
209871,SK-D98114E6E922,157,2024-12-03 12:55:38,2024-12-03 12:55:38
223309,SK-AF2CF6D528E4,22,2025-03-08 18:47:46,2025-03-08 18:47:46
220967,SK-4D92CD485062,54,2025-03-11 19:32:54,2025-03-11 19:32:54
221952,SK-435BD0365773,320,2024-08-31 02:38:05,2024-08-31 02:38:05
231760,SK-C4DD556BE68C,376,2025-07-17 07:20:45,2025-07-17 07:20:45
206689,SK-7629842A06EB,305,2026-05-25 06:23:37,2026-05-25 06:23:37
239722,SK-2F116106CDF8,364,2026-03-05 21:31:58,2026-03-05 21:31:58
209675,SK-2231B01378E7,187,2025-08-29 10:11:41,2025-08-29 10:11:41
227309,SK-6302D6BED80E,376,2025-12-25 12:19:57,2025-12-25 12:19:57
214946,SK-098255EB05F0,225,2025-12-10 22:05:58,2025-12-10 22:05:58
216646,SK-D0818CF3F2D1,112,2026-03-22 09:16:05,2026-03-22 09:16:05
240756,SK-4669532DFFB6,288,2025-12-14 12:34:11,2025-12-14 12:34:11
241927,SK-E0A92DD73108,479,2025-05-25 16:09:27,2025-05-25 16:09:27
236019,SK-09A3454B1455,41,2024-07-27 11:05:16,2024-07-27 11:05:16
239663,SK-8F1EBEB8A426,495,2026-03-22 08:10:40,2026-03-22 08:10:40
208525,SK-23BD8596AE85,447,2026-04-10 17:01:22,2026-04-10 17:01:22
238380,SK-BC5F5298C4C4,280,2024-08-11 04:41:06,2024-08-11 04:41:06
202431,SK-000C36A9C734,227,2026-06-08 21:19:25,2026-06-08 21:19:25
248115,SK-1E98FB430DB7,189,2025-07-19 07:46:25,2025-07-19 07:46:25
232607,SK-9188D78FA714,8,2024-06-14 05:50:55,2024-06-14 05:50:55
216612,SK-42BDD5A0FF3A,396,2025-06-27 19:31:49,2025-06-27 19:31:49
229732,SK-465A33547E6D,62,2026-05-04 06:15:14,2026-05-04 06:15:14
210680,SK-FF1B9C4CF490,150,2024-06-11 09:25:55,2024-06-11 09:25:55
227382,SK-389C4ACD710D,225,2025-09-22 22:25:43,2025-09-22 22:25:43
241947,SK-7E95B342398F,278,2024-07-20 04:20:24,2024-07-20 04:20:24
209988,SK-650227BF2AEA,437,2026-05-26 06:09:11,2026-05-26 06:09:11
212629,SK-A44FCBCF31EE,467,2024-09-11 21:58:50,2024-09-11 21:58:50
230605,SK-5F0A04C7289E,403,2026-05-03 20:27:05,2026-05-03 20:27:05
247485,SK-F9527EC0C2D8,125,2024-08-13 10:51:36,2024-08-13 10:51:36
242516,SK-9932F8769566,104,2024-08-15 01:57:22,2024-08-15 01:57:22
236733,SK-0087E4FF70B7,375,2026-02-21 17:07:01,2026-02-21 17:07:01
221084,SK-B2C062B499B1,345,2024-10-28 04:08:29,2024-10-28 04:08:29
220819,SK-CF913EA3F717,406,2026-01-29 21:32:48,2026-01-29 21:32:48
207315,SK-5AED5152FBA2,184,2025-08-01 11:57:04,2025-08-01 11:57:04
230210,SK-2546A03A776F,128,2025-08-29 06:15:31,2025-08-29 06:15:31
213232,SK-27C902C174AE,4,2025-11-20 22:13:17,2025-11-20 22:13:17
238645,SK-0F1AD0B4513A,281,2025-09-13 21:47:51,2025-09-13 21:47:51
219342,SK-00FE5E2010AE,84,2025-01-02 08:30:21,2025-01-02 08:30:21
206233,SK-03C258794265,54,2025-11-04 15:12:03,2025-11-04 15:12:03
246341,SK-A6CB4F69AB3D,64,2025-12-01 21:54:00,2025-12-01 21:54:00
215776,SK-2D5F51674B42,46,2024-08-04 23:01:23,2024-08-04 23:01:23
203351,SK-2375F9FACF72,136,2025-07-21 19:25:24,2025-07-21 19:25:24
221971,SK-FB10B124FACF,114,2026-04-26 09:39:19,2026-04-26 09:39:19
204491,SK-28F07888140E,246,2025-03-05 09:21:45,2025-03-05 09:21:45
226105,SK-A407586D59AA,301,2026-05-23 08:45:29,2026-05-23 08:45:29
214240,SK-76A5F8E707B6,432,2024-11-29 00:07:09,2024-11-29 00:07:09
212265,SK-4EC06E50D7AC,93,2026-01-07 14:28:31,2026-01-07 14:28:31
230094,SK-BFB874AF9A7B,323,2024-11-23 23:00:49,2024-11-23 23:00:49
243413,SK-9AE7142B0E68,196,2025-10-19 04:29:41,2025-10-19 04:29:41
202819,SK-0B5598E80CAC,376,2025-08-24 01:47:02,2025-08-24 01:47:02
230531,SK-A7688B19C744,219,2026-03-13 03:29:32,2026-03-13 03:29:32
249753,SK-1132C4D84FF7,102,2025-11-07 10:11:56,2025-11-07 10:11:56
219973,SK-A658F5EFE722,309,2025-05-08 21:30:07,2025-05-08 21:30:07
217289,SK-B3A6DA2B5203,87,2025-11-14 15:06:17,2025-11-14 15:06:17
220565,SK-A189C635F2CC,418,2024-06-18 08:01:27,2024-06-18 08:01:27
203481,SK-0F78699B45E7,241,2025-02-11 11:06:43,2025-02-11 11:06:43
222903,SK-522CFB1AB34E,146,2025-03-06 10:21:00,2025-03-06 10:21:00
210430,SK-0DDEDEF45E86,44,2025-06-19 22:15:22,2025-06-19 22:15:22
216311,SK-B47FF3ACBA58,343,2024-06-20 12:03:10,2024-06-20 12:03:10
236136,SK-1C370A5AAB27,186,2025-10-04 22:34:57,2025-10-04 22:34:57
222365,SK-9327746CE49A,239,2026-03-23 23:35:04,2026-03-23 23:35:04
205524,SK-4F4D109ED0FD,483,2025-11-02 19:34:52,2025-11-02 19:34:52
231487,SK-1767215617E0,168,2025-06-09 09:29:03,2025-06-09 09:29:03
223373,SK-8B45A8AB4498,32,2025-10-02 21:35:46,2025-10-02 21:35:46
218714,SK-F90EC49CF43E,340,2026-04-30 07:34:53,2026-04-30 07:34:53
215943,SK-25E0A7AA03AC,136,2024-07-26 14:49:16,2024-07-26 14:49:16
227625,SK-9E70528F2A9E,68,2025-07-05 04:38:04,2025-07-05 04:38:04
233715,SK-DC8B486B5B34,273,2026-04-05 09:19:00,2026-04-05 09:19:00
217797,SK-0D4C0FFC6448,63,2025-03-15 12:25:30,2025-03-15 12:25:30
231766,SK-881C253B9FE9,309,2025-10-11 20:46:33,2025-10-11 20:46:33
210955,SK-84FDA7F1F57D,474,2025-08-14 06:55:06,2025-08-14 06:55:06
215874,SK-510AF4E80946,338,2025-06-09 19:40:16,2025-06-09 19:40:16
209938,SK-34F2BB68479A,122,2024-12-22 15:17:22,2024-12-22 15:17:22
246201,SK-11BDA19341B3,198,2025-06-30 21:18:32,2025-06-30 21:18:32
219894,SK-C26155A4088E,38,2025-06-04 13:48:53,2025-06-04 13:48:53
213337,SK-A2518D145B2D,182,2024-11-14 19:31:24,2024-11-14 19:31:24
212766,SK-8666DF4C8FB4,122,2025-08-11 00:03:40,2025-08-11 00:03:40
243278,SK-7652473AEE21,41,2025-10-23 16:16:02,2025-10-23 16:16:02
213591,SK-5A229FB4738F,298,2026-04-25 14:36:29,2026-04-25 14:36:29
208580,SK-D0BB398F84A2,230,2025-04-30 12:34:43,2025-04-30 12:34:43
243247,SK-305F220E7208,471,2025-11-24 13:51:24,2025-11-24 13:51:24
225895,SK-67D279123EDE,360,2026-01-24 12:53:56,2026-01-24 12:53:56
226540,SK-074670B795D6,166,2025-06-21 00:22:54,2025-06-21 00:22:54
226008,SK-A6EA6EAD243B,363,2025-01-22 04:26:09,2025-01-22 04:26:09
215111,SK-2B4FCCD0312B,162,2025-08-22 13:03:36,2025-08-22 13:03:36
248550,SK-4A4E66015B5C,486,2024-08-11 17:44:00,2024-08-11 17:44:00
230732,SK-28CD94801C50,284,2024-07-24 22:09:52,2024-07-24 22:09:52
238301,SK-DAA8EB67606B,103,2024-07-09 07:10:11,2024-07-09 07:10:11
223395,SK-207ECB49A1B2,9,2024-09-05 11:48:30,2024-09-05 11:48:30
235245,SK-DB252C9C3B0D,105,2024-11-21 04:38:27,2024-11-21 04:38:27
219092,SK-D35F50B3778D,148,2025-05-22 22:17:21,2025-05-22 22:17:21
215177,SK-F114F72C4212,373,2024-11-07 03:00:24,2024-11-07 03:00:24
239081,SK-423445A2AB23,259,2025-09-01 02:22:32,2025-09-01 02:22:32
218222,SK-9D54437406D0,14,2024-11-29 23:10:17,2024-11-29 23:10:17
205820,SK-0A571880CD65,74,2025-04-24 07:10:20,2025-04-24 07:10:20
235462,SK-61A0867E51F3,96,2024-08-02 00:19:34,2024-08-02 00:19:34
227025,SK-2302CFE0F644,186,2024-10-31 11:10:16,2024-10-31 11:10:16
249115,SK-3F204EFE912B,403,2025-05-24 10:38:53,2025-05-24 10:38:53
208338,SK-9C138B28E13A,241,2024-11-17 10:42:32,2024-11-17 10:42:32
225875,SK-AE924EB62C58,220,2025-05-23 18:48:44,2025-05-23 18:48:44
203899,SK-3BC7E24F9695,313,2026-01-31 21:43:55,2026-01-31 21:43:55
202814,SK-20790A16C87B,225,2024-12-23 06:23:34,2024-12-23 06:23:34
206415,SK-3C077339E6F3,5,2025-04-11 03:42:07,2025-04-11 03:42:07
202370,SK-6D1B0FC84E82,109,2024-11-06 08:34:27,2024-11-06 08:34:27
224991,SK-A173EADAC976,12,2024-07-13 23:41:06,2024-07-13 23:41:06
237781,SK-E3BADE3D69B9,34,2025-12-19 09:48:32,2025-12-19 09:48:32
223266,SK-4E354B629315,47,2025-02-20 08:00:39,2025-02-20 08:00:39
223589,SK-1375DDE2CAF8,294,2024-11-03 06:10:27,2024-11-03 06:10:27
213291,SK-80FB66C8E5F1,358,2024-12-05 16:34:11,2024-12-05 16:34:11
211014,SK-E945D62857AE,409,2024-09-24 18:58:44,2024-09-24 18:58:44
204435,SK-0B7996BBB6EB,257,2024-06-26 17:59:49,2024-06-26 17:59:49
218851,SK-5F10FB99835F,46,2025-08-13 00:47:49,2025-08-13 00:47:49
242447,SK-D3EC529812D5,334,2026-06-03 20:56:14,2026-06-03 20:56:14
209345,SK-7BE4043CC188,302,2025-03-09 17:55:57,2025-03-09 17:55:57
209621,SK-71AE3922ED8E,178,2024-08-20 08:12:42,2024-08-20 08:12:42
239530,SK-AA4C16E6321C,95,2025-12-10 12:32:55,2025-12-10 12:32:55
209817,SK-80271A4E6DE4,67,2025-12-06 01:11:16,2025-12-06 01:11:16
201485,SK-6D730349E2D5,330,2025-11-17 12:58:43,2025-11-17 12:58:43
222596,SK-E103ED2CC09F,32,2024-07-15 05:37:00,2024-07-15 05:37:00
207933,SK-F0C6D7361B19,283,2025-03-18 22:12:14,2025-03-18 22:12:14
223422,SK-8BAA4FDCD694,57,2026-02-10 11:39:18,2026-02-10 11:39:18
242462,SK-05B7C277C034,431,2025-04-21 20:30:48,2025-04-21 20:30:48
244454,SK-03B3A7D6299F,37,2026-01-14 17:25:16,2026-01-14 17:25:16
206152,SK-43C97465D4A4,496,2025-09-26 01:27:35,2025-09-26 01:27:35
244096,SK-4F21FEC4ED35,251,2026-05-12 10:30:23,2026-05-12 10:30:23
224306,SK-A173C63119F3,41,2025-06-28 21:07:11,2025-06-28 21:07:11
246252,SK-ACDC81BB5EAA,125,2025-09-06 08:10:50,2025-09-06 08:10:50
230633,SK-4387EC87BE7D,231,2025-05-19 01:10:31,2025-05-19 01:10:31
241987,SK-9E1FC03B30D7,191,2026-04-28 15:22:51,2026-04-28 15:22:51
200674,SK-420AC0C0ED86,142,2025-10-20 00:31:40,2025-10-20 00:31:40
238091,SK-5FCE302AA5B3,307,2025-03-05 14:44:35,2025-03-05 14:44:35
219200,SK-168CA5CFA7B4,238,2025-10-07 21:07:57,2025-10-07 21:07:57
224262,SK-A7CDC91C7BE6,392,2026-04-06 16:52:10,2026-04-06 16:52:10
225235,SK-CBC808886295,217,2024-06-24 04:26:20,2024-06-24 04:26:20
242307,SK-BA7BC1819D43,167,2026-05-24 08:16:43,2026-05-24 08:16:43
238303,SK-4DE4904C691E,126,2024-12-30 21:07:46,2024-12-30 21:07:46
211109,SK-AFF788281729,415,2025-05-25 12:54:24,2025-05-25 12:54:24
238269,SK-50D1004B4457,224,2025-02-21 10:54:59,2025-02-21 10:54:59
231470,SK-F41C9D97E482,133,2026-05-21 09:58:05,2026-05-21 09:58:05
236223,SK-751D61F10CCE,287,2024-12-10 04:35:34,2024-12-10 04:35:34
246824,SK-2FC3B43FA43C,7,2024-10-02 01:49:09,2024-10-02 01:49:09
240609,SK-330DBACDCF36,429,2025-05-13 12:15:25,2025-05-13 12:15:25
235502,SK-701F19E02C20,37,2025-11-24 03:20:40,2025-11-24 03:20:40
235862,SK-CF0F6EFC6AE7,370,2025-10-01 10:20:44,2025-10-01 10:20:44
212035,SK-C4D4EAA3532D,414,2026-02-05 22:46:10,2026-02-05 22:46:10
231669,SK-17145B86A3FA,452,2024-12-02 05:11:26,2024-12-02 05:11:26
205755,SK-E20AB53472FC,295,2025-12-03 05:25:50,2025-12-03 05:25:50
224840,SK-DF55D4BE7E13,104,2024-12-22 21:15:21,2024-12-22 21:15:21
235904,SK-AD99D0FD3E1C,89,2025-03-04 13:18:21,2025-03-04 13:18:21
226944,SK-EE847C8D6CFB,404,2026-01-08 06:51:01,2026-01-08 06:51:01
249538,SK-9F432F8D992C,232,2026-01-31 16:48:32,2026-01-31 16:48:32
238545,SK-F1A548B4F7D3,121,2026-03-03 14:09:39,2026-03-03 14:09:39
243725,SK-C3672A80FD8B,383,2024-11-22 13:18:58,2024-11-22 13:18:58
211492,SK-09AF6DA9D2A7,424,2025-12-07 07:59:02,2025-12-07 07:59:02
229927,SK-BE70C8CD539F,317,2024-11-25 17:47:24,2024-11-25 17:47:24
220075,SK-1377626096AC,295,2025-03-19 07:04:12,2025-03-19 07:04:12
224756,SK-DF0E7A91DD4D,316,2025-08-07 10:23:52,2025-08-07 10:23:52
248003,SK-41C2E49C73DE,287,2026-01-17 21:23:10,2026-01-17 21:23:10
231874,SK-C854F609BDD3,16,2024-08-03 09:42:35,2024-08-03 09:42:35
211773,SK-A36E4B8E02E7,385,2026-01-18 23:58:07,2026-01-18 23:58:07
215609,SK-4F6A93D2E322,171,2026-01-26 01:53:47,2026-01-26 01:53:47
217722,SK-C22508E05C81,333,2024-11-25 13:03:09,2024-11-25 13:03:09
249081,SK-4F7E08E821F3,222,2024-12-21 19:42:23,2024-12-21 19:42:23
219714,SK-2BBDFF7C07AE,136,2026-05-22 03:14:49,2026-05-22 03:14:49
242575,SK-B50DB1CE0B6A,356,2025-02-22 19:17:45,2025-02-22 19:17:45
242190,SK-351150414FB4,379,2025-08-18 22:36:02,2025-08-18 22:36:02
201703,SK-13FB8576E2E4,490,2024-09-04 10:48:23,2024-09-04 10:48:23
220290,SK-D6A95EC9A411,473,2025-08-20 19:21:05,2025-08-20 19:21:05
241376,SK-91326CB3B18A,117,2025-08-28 10:34:42,2025-08-28 10:34:42
210810,SK-20F8A7D13A64,443,2025-03-26 00:47:16,2025-03-26 00:47:16
202162,SK-6C8B5E685A0A,216,2026-03-25 00:11:05,2026-03-25 00:11:05
212189,SK-698B592A4DC2,491,2025-09-03 23:55:23,2025-09-03 23:55:23
242475,SK-A5B649352E1F,479,2024-08-03 17:19:50,2024-08-03 17:19:50
235287,SK-8578F7153E27,227,2025-10-13 07:28:04,2025-10-13 07:28:04
219173,SK-7847C7B58235,183,2026-04-24 16:06:22,2026-04-24 16:06:22
216606,SK-DD094F3F1268,23,2026-05-22 16:22:17,2026-05-22 16:22:17
214136,SK-A3333CA897A5,344,2026-05-24 19:58:26,2026-05-24 19:58:26
212033,SK-9917A9A3FC8F,310,2024-09-12 18:53:17,2024-09-12 18:53:17
243770,SK-AB4C6293C616,428,2026-06-07 23:35:31,2026-06-07 23:35:31
204434,SK-B01A991EAB2A,374,2025-04-19 03:03:24,2025-04-19 03:03:24
226498,SK-0E9DD82AE8F5,112,2025-05-18 01:46:40,2025-05-18 01:46:40
217805,SK-7D2DC3ED2324,340,2026-06-02 03:22:10,2026-06-02 03:22:10
208154,SK-44ED56D7DD54,280,2025-12-02 21:20:32,2025-12-02 21:20:32
227093,SK-769F816D828F,99,2024-11-19 13:39:53,2024-11-19 13:39:53
247019,SK-4294F44E4880,9,2025-10-18 12:43:29,2025-10-18 12:43:29
201475,SK-0488206F07C0,477,2025-02-08 23:42:09,2025-02-08 23:42:09
223905,SK-55B16BE46E2D,371,2024-09-23 20:41:53,2024-09-23 20:41:53
223838,SK-58B305606C89,258,2025-07-03 02:51:26,2025-07-03 02:51:26
247622,SK-1F056EF012AC,303,2025-10-02 09:44:27,2025-10-02 09:44:27
212304,SK-1355B6478AF0,228,2024-11-22 08:57:47,2024-11-22 08:57:47
221034,SK-045A5602D2D2,80,2025-02-13 16:57:50,2025-02-13 16:57:50
206531,SK-231B7BB52A47,213,2025-03-07 14:37:20,2025-03-07 14:37:20
240127,SK-5F369D3FEAE9,448,2026-06-09 12:31:42,2026-06-09 12:31:42
210449,SK-8E257C1A2CA6,247,2026-03-20 09:32:58,2026-03-20 09:32:58
203176,SK-33946AA971C8,352,2024-06-22 17:48:03,2024-06-22 17:48:03
223433,SK-1BD9739199FF,281,2026-05-19 10:41:22,2026-05-19 10:41:22
228258,SK-64FAF4EB541D,118,2026-03-14 22:10:52,2026-03-14 22:10:52
210401,SK-CCAA0249EE84,37,2025-04-15 02:36:37,2025-04-15 02:36:37
237336,SK-2B11DB813E34,41,2025-10-25 05:57:46,2025-10-25 05:57:46
206449,SK-C58D549EA5BC,422,2026-03-21 11:57:46,2026-03-21 11:57:46
209140,SK-E8D1B6EC7927,413,2025-03-10 09:36:12,2025-03-10 09:36:12
218746,SK-F342BD8D2030,98,2025-07-25 18:52:27,2025-07-25 18:52:27
224807,SK-3E76F8692CBC,357,2024-09-13 18:46:21,2024-09-13 18:46:21
221926,SK-57D893A85228,64,2026-04-09 23:20:28,2026-04-09 23:20:28
203627,SK-237EA4F1EA2E,269,2026-01-29 23:08:17,2026-01-29 23:08:17
222342,SK-38DA2E9BA1AB,332,2026-02-23 19:28:09,2026-02-23 19:28:09
219822,SK-7AD08D6CD7F9,52,2026-06-06 16:33:20,2026-06-06 16:33:20
201555,SK-3760A1C27FB4,405,2024-06-16 00:26:36,2024-06-16 00:26:36
208777,SK-10E0C55C09FC,266,2025-12-10 18:48:04,2025-12-10 18:48:04
227940,SK-9AC25C30379F,204,2025-04-27 20:03:07,2025-04-27 20:03:07
227391,SK-1B26515561CF,239,2025-09-30 12:39:38,2025-09-30 12:39:38
228123,SK-E67F19A1C280,487,2026-03-14 12:01:17,2026-03-14 12:01:17
229421,SK-9DD3F4B50071,137,2026-01-25 06:36:45,2026-01-25 06:36:45
246096,SK-64EF036AF0E6,116,2026-02-19 16:15:14,2026-02-19 16:15:14
217192,SK-2A63181D6E81,146,2025-03-30 09:07:23,2025-03-30 09:07:23
247158,SK-EE6AEB46D70C,133,2025-08-26 13:18:10,2025-08-26 13:18:10
228738,SK-DD645CDDCF9A,290,2024-11-04 06:35:27,2024-11-04 06:35:27
201492,SK-03F9AB099C22,115,2025-07-24 17:08:27,2025-07-24 17:08:27
240074,SK-1C23CA286C68,205,2025-09-29 20:34:46,2025-09-29 20:34:46
245319,SK-CDC88A3D3B9F,431,2025-04-17 15:49:13,2025-04-17 15:49:13
242337,SK-14303FC28824,255,2024-09-30 16:57:45,2024-09-30 16:57:45
239976,SK-2FAC9D11E3C4,449,2024-11-11 13:44:48,2024-11-11 13:44:48
235826,SK-8888379CF48E,497,2025-02-18 03:46:14,2025-02-18 03:46:14
215629,SK-BB8E28C3E519,173,2026-03-22 10:18:53,2026-03-22 10:18:53
230668,SK-B339FDF1DE60,368,2025-07-04 21:00:31,2025-07-04 21:00:31
214850,SK-A0C9A6A9C6DB,384,2025-03-29 20:43:39,2025-03-29 20:43:39
215016,SK-5D55AC199E1F,446,2025-04-02 15:26:52,2025-04-02 15:26:52
232732,SK-CEAA1214BD0D,263,2024-10-19 12:52:00,2024-10-19 12:52:00
205616,SK-E9CBC266D3B7,269,2025-03-02 03:19:22,2025-03-02 03:19:22
216843,SK-8E00810CE871,199,2025-11-22 17:29:41,2025-11-22 17:29:41
234998,SK-659716A56220,68,2024-09-01 19:29:46,2024-09-01 19:29:46
208174,SK-448C300CB07D,296,2025-05-17 23:47:22,2025-05-17 23:47:22
244617,SK-03C6902EC538,212,2026-05-14 06:59:53,2026-05-14 06:59:53
238566,SK-13A52354BEBF,3,2025-02-24 08:17:37,2025-02-24 08:17:37
201160,SK-A5E15EDE6D3B,241,2024-08-28 13:10:44,2024-08-28 13:10:44
242444,SK-F017E74DDBCE,70,2026-05-01 18:27:14,2026-05-01 18:27:14
205551,SK-7C908DABBFF8,40,2025-05-21 14:16:01,2025-05-21 14:16:01
240982,SK-C940F4EE741A,81,2024-09-24 09:16:19,2024-09-24 09:16:19
235385,SK-79255AC73878,208,2024-12-06 04:19:22,2024-12-06 04:19:22
214445,SK-CDDA0ABD9518,55,2024-10-14 23:26:43,2024-10-14 23:26:43
241597,SK-12C1AEA62616,189,2025-01-23 11:12:48,2025-01-23 11:12:48
214052,SK-CCD35A20FCDD,423,2024-10-04 15:09:00,2024-10-04 15:09:00
231325,SK-0A59E0EDF4F7,140,2026-01-08 06:42:00,2026-01-08 06:42:00
212446,SK-771551CD211F,259,2025-04-08 11:37:19,2025-04-08 11:37:19
231154,SK-533C8EE6AFA5,153,2026-03-06 18:55:45,2026-03-06 18:55:45
214684,SK-2170BB9DFC16,38,2026-06-09 07:16:03,2026-06-09 07:16:03
210605,SK-A346BC2A4417,357,2024-11-20 10:50:10,2024-11-20 10:50:10
243373,SK-B024462918AF,469,2025-08-06 07:49:25,2025-08-06 07:49:25
224706,SK-F0BD94EA80EB,439,2024-08-11 20:06:19,2024-08-11 20:06:19
225106,SK-2FE339389EE8,340,2026-05-19 16:28:51,2026-05-19 16:28:51
230614,SK-6AE1035FA8E6,265,2026-05-24 18:58:44,2026-05-24 18:58:44
200091,SK-FF8AB1829202,325,2024-06-10 08:19:57,2024-06-10 08:19:57
234973,SK-09D052127AA3,342,2024-07-25 05:59:42,2024-07-25 05:59:42
222392,SK-DE7302612960,356,2025-12-20 17:01:20,2025-12-20 17:01:20
234165,SK-792ACAF2DA33,331,2025-05-29 23:33:56,2025-05-29 23:33:56
228284,SK-0A8DBBFD3485,184,2026-02-28 23:01:47,2026-02-28 23:01:47
239969,SK-9D4E5771ADC5,366,2026-01-28 09:12:17,2026-01-28 09:12:17
234162,SK-0F61209E3CCC,288,2025-12-22 18:15:31,2025-12-22 18:15:31
233987,SK-A14B1EACDA17,352,2026-02-28 07:36:54,2026-02-28 07:36:54
230844,SK-AF66E70B81B1,74,2024-10-13 17:59:03,2024-10-13 17:59:03
231712,SK-5648E914659E,336,2024-08-28 22:13:21,2024-08-28 22:13:21
206033,SK-78FE18CD7C5B,253,2024-10-26 23:03:56,2024-10-26 23:03:56
208234,SK-FCCD1E249143,455,2025-02-26 22:22:03,2025-02-26 22:22:03
200064,SK-EFE15981FB8E,24,2026-01-30 14:32:32,2026-01-30 14:32:32
242908,SK-489640C11A85,333,2025-02-13 03:48:50,2025-02-13 03:48:50
222482,SK-EDA6AC72945A,486,2024-11-11 03:07:54,2024-11-11 03:07:54
209598,SK-001BC8F41389,190,2024-07-07 00:51:37,2024-07-07 00:51:37
220609,SK-2006F4AEA092,324,2025-10-26 05:16:35,2025-10-26 05:16:35
220142,SK-F3BA51FDBC32,111,2026-03-05 09:50:57,2026-03-05 09:50:57
249178,SK-E3C6A1852185,278,2026-05-28 03:30:42,2026-05-28 03:30:42
210844,SK-20CFE7F0834D,337,2026-01-04 23:40:06,2026-01-04 23:40:06
248421,SK-7A82EFCF6B9A,365,2024-09-26 19:05:18,2024-09-26 19:05:18
228423,SK-D503D1934E06,297,2024-09-16 15:57:50,2024-09-16 15:57:50
206779,SK-012357F2629A,403,2025-04-22 07:17:52,2025-04-22 07:17:52
217835,SK-748A4D89BB9E,334,2025-04-30 05:36:17,2025-04-30 05:36:17
227951,SK-283D3A1AE67E,265,2026-05-25 15:30:11,2026-05-25 15:30:11
233555,SK-D166BA0F6C93,199,2024-12-24 21:04:11,2024-12-24 21:04:11
237009,SK-F5C14AC786E4,68,2025-04-01 07:41:14,2025-04-01 07:41:14
214045,SK-29F654377EA4,248,2025-05-10 15:22:01,2025-05-10 15:22:01
237623,SK-FBCB2C398FAF,202,2025-01-09 00:13:45,2025-01-09 00:13:45
202063,SK-2C54DA035976,194,2026-03-11 14:38:30,2026-03-11 14:38:30
221063,SK-AD7D1E77E85F,182,2026-05-03 01:18:45,2026-05-03 01:18:45
215518,SK-F5DAB07D2479,342,2024-08-02 23:18:53,2024-08-02 23:18:53
243192,SK-065888F7039C,230,2024-08-18 22:43:30,2024-08-18 22:43:30
233330,SK-1925179BBA59,114,2024-12-27 19:46:20,2024-12-27 19:46:20
210508,SK-EEDAD89B137E,192,2025-06-01 11:59:40,2025-06-01 11:59:40
213555,SK-331401680CDD,330,2025-03-04 05:26:46,2025-03-04 05:26:46
212283,SK-1CFC15830F2D,43,2024-11-16 14:52:39,2024-11-16 14:52:39
207400,SK-143FD54CBFE7,145,2025-07-22 11:12:08,2025-07-22 11:12:08
202469,SK-66490F67D22D,451,2026-05-31 21:56:48,2026-05-31 21:56:48
212164,SK-84A9F20152C9,137,2026-05-14 09:40:35,2026-05-14 09:40:35
226379,SK-B70C23DBBE98,269,2026-01-28 20:52:50,2026-01-28 20:52:50
235791,SK-6966BEE4B415,79,2025-05-23 10:23:17,2025-05-23 10:23:17
209716,SK-0AEFDCA7B031,32,2024-10-05 22:59:46,2024-10-05 22:59:46
244092,SK-78E44CCE7C94,19,2026-03-27 02:12:01,2026-03-27 02:12:01
239390,SK-37AEA6064E41,5,2024-12-30 22:31:25,2024-12-30 22:31:25
244547,SK-D12D0C43F624,117,2026-05-28 20:18:27,2026-05-28 20:18:27
225376,SK-B13D460ECB07,488,2026-06-08 01:06:56,2026-06-08 01:06:56
233811,SK-9D6D09981F75,258,2024-09-17 16:32:42,2024-09-17 16:32:42
243253,SK-C9A646D32D5D,189,2025-05-08 13:05:30,2025-05-08 13:05:30
214192,SK-DC390ED4407F,226,2025-09-03 20:36:14,2025-09-03 20:36:14
209104,SK-F6A030D71DB9,440,2025-07-14 03:13:39,2025-07-14 03:13:39
211026,SK-0466297EC987,260,2026-01-11 08:54:22,2026-01-11 08:54:22
204098,SK-984BF5D8FF7B,346,2026-04-14 16:09:03,2026-04-14 16:09:03
223470,SK-B9D143F07F06,371,2024-07-07 10:15:38,2024-07-07 10:15:38
207577,SK-62442457D857,42,2025-05-23 11:17:53,2025-05-23 11:17:53
233214,SK-0C81428598AD,176,2025-09-07 21:39:49,2025-09-07 21:39:49
208581,SK-C71990233B51,339,2024-09-04 04:06:53,2024-09-04 04:06:53
227094,SK-7A2D27E1F32F,210,2025-05-12 00:18:26,2025-05-12 00:18:26
249970,SK-822E3B9A8FE3,402,2026-01-23 09:32:20,2026-01-23 09:32:20
227292,SK-25CF74E5B77B,33,2026-03-16 16:56:46,2026-03-16 16:56:46
249499,SK-125F56A29B4A,404,2025-04-28 05:04:16,2025-04-28 05:04:16
247573,SK-73400D8B68AE,200,2025-06-15 21:11:05,2025-06-15 21:11:05
247543,SK-603526A4AD10,334,2025-10-10 13:58:01,2025-10-10 13:58:01
236786,SK-81FF667E077C,444,2025-09-03 15:21:01,2025-09-03 15:21:01
200588,SK-9187C3553707,97,2026-05-20 17:17:29,2026-05-20 17:17:29
222605,SK-DEA40F725BB2,51,2024-08-14 20:00:11,2024-08-14 20:00:11
233732,SK-32566DEB9D33,64,2025-12-03 02:28:54,2025-12-03 02:28:54
227709,SK-1AE7590429C8,300,2026-04-04 15:33:04,2026-04-04 15:33:04
231474,SK-A78E3105ED65,7,2025-10-01 06:51:56,2025-10-01 06:51:56
208541,SK-AB17FC3417F1,342,2025-09-03 15:16:27,2025-09-03 15:16:27
222991,SK-CC5290FD029B,16,2025-09-03 21:33:09,2025-09-03 21:33:09
240965,SK-803CD0688F29,245,2025-09-24 19:32:28,2025-09-24 19:32:28
231440,SK-ED01ABBF10C6,136,2025-09-03 23:55:12,2025-09-03 23:55:12
220614,SK-5BCC43C16ECF,244,2025-08-02 20:24:24,2025-08-02 20:24:24
204020,SK-C25C063CCB8E,75,2025-08-15 16:18:01,2025-08-15 16:18:01
214301,SK-CCF76A6491C9,465,2025-02-01 11:44:11,2025-02-01 11:44:11
210653,SK-738F7718EC02,150,2025-02-12 16:13:38,2025-02-12 16:13:38
206895,SK-19973B7B1EF9,239,2025-12-28 03:54:52,2025-12-28 03:54:52
202031,SK-4773F07AF7C2,130,2024-08-16 21:22:33,2024-08-16 21:22:33
230047,SK-0802EF25944F,458,2025-02-03 23:25:12,2025-02-03 23:25:12
226101,SK-8885933805CD,201,2025-09-15 20:28:06,2025-09-15 20:28:06
230079,SK-E505B2110C71,458,2024-06-25 04:08:33,2024-06-25 04:08:33
242600,SK-D78BCC826D12,379,2025-04-01 02:04:18,2025-04-01 02:04:18
247105,SK-EF1437729341,399,2025-08-11 00:10:08,2025-08-11 00:10:08
203067,SK-78E83A33A3E9,446,2024-12-03 08:12:38,2024-12-03 08:12:38
226389,SK-77ACD09A1D0D,98,2025-06-12 07:57:21,2025-06-12 07:57:21
226681,SK-5AC28A6BD7C4,450,2024-09-08 15:14:03,2024-09-08 15:14:03
211070,SK-221146611AC8,445,2026-05-15 07:57:56,2026-05-15 07:57:56
213869,SK-7A81CF10B04F,134,2025-01-15 08:44:29,2025-01-15 08:44:29
227773,SK-E31EC1E72E94,168,2025-07-20 08:23:42,2025-07-20 08:23:42
216510,SK-759714C1F672,64,2024-12-27 20:12:18,2024-12-27 20:12:18
231062,SK-3FA41C154AF4,422,2025-01-04 18:44:47,2025-01-04 18:44:47
228051,SK-67EBF0AB866A,10,2024-07-15 06:25:24,2024-07-15 06:25:24
245107,SK-D0688044F4F2,216,2024-10-16 12:31:15,2024-10-16 12:31:15
232399,SK-BEB13A27DA61,483,2024-09-01 21:45:39,2024-09-01 21:45:39
249650,SK-584A381B9E7A,100,2025-04-20 08:43:37,2025-04-20 08:43:37
203704,SK-CC3CFACA2476,64,2025-12-18 08:01:18,2025-12-18 08:01:18
224261,SK-B269C080AF54,300,2026-05-28 08:50:26,2026-05-28 08:50:26
246476,SK-23C38B5B67A6,244,2024-12-09 17:08:49,2024-12-09 17:08:49
201389,SK-C452686D7E0B,248,2026-04-23 03:37:27,2026-04-23 03:37:27
237505,SK-EFDD0ED30804,339,2026-05-25 15:59:09,2026-05-25 15:59:09
226421,SK-49DA0C7636CE,134,2025-09-18 05:25:13,2025-09-18 05:25:13
205167,SK-17C091C74369,357,2025-09-19 22:59:26,2025-09-19 22:59:26
200749,SK-2E6B112CA304,469,2026-04-16 22:49:12,2026-04-16 22:49:12
237369,SK-228308947C1C,247,2025-07-27 02:12:56,2025-07-27 02:12:56
248347,SK-B991EF3A0A23,87,2024-10-07 22:57:16,2024-10-07 22:57:16
238433,SK-DAEB97DFE3FF,12,2026-04-08 02:16:47,2026-04-08 02:16:47
229564,SK-AE5F188C29A1,82,2025-02-23 14:36:52,2025-02-23 14:36:52
217426,SK-B9F23F6B8F49,66,2025-03-27 02:26:58,2025-03-27 02:26:58
227575,SK-FC2CB3F26B22,483,2024-09-15 17:59:20,2024-09-15 17:59:20
246375,SK-12EA38547377,219,2024-07-03 16:33:35,2024-07-03 16:33:35
243647,SK-ED55D6C0BB3A,335,2025-09-16 07:43:40,2025-09-16 07:43:40
234987,SK-6BAD387FD458,46,2025-06-04 10:58:52,2025-06-04 10:58:52
242302,SK-50625CE286C2,198,2025-10-07 21:03:17,2025-10-07 21:03:17
222778,SK-A76DC2091604,348,2025-04-25 02:49:14,2025-04-25 02:49:14
226450,SK-A0060AAE2DD1,272,2025-11-13 14:24:14,2025-11-13 14:24:14
222261,SK-7A0DFEED9047,76,2025-03-23 18:08:49,2025-03-23 18:08:49
230896,SK-AA8C4AD01F36,106,2025-03-16 21:25:44,2025-03-16 21:25:44
233178,SK-53D31C2B45BE,68,2026-01-23 17:20:11,2026-01-23 17:20:11
221672,SK-A7754D71C5A5,71,2026-01-25 11:04:07,2026-01-25 11:04:07
241377,SK-543522C4E430,76,2025-08-11 07:01:04,2025-08-11 07:01:04
228124,SK-59905F6C23ED,410,2024-11-26 11:12:58,2024-11-26 11:12:58
203077,SK-79A86AC16C40,47,2026-04-29 01:07:46,2026-04-29 01:07:46
227833,SK-41CAFB818D92,498,2025-02-19 11:18:27,2025-02-19 11:18:27
245695,SK-42510E8794B8,264,2024-11-04 20:59:18,2024-11-04 20:59:18
201324,SK-30C33F2F17F0,453,2025-07-31 08:48:38,2025-07-31 08:48:38
220366,SK-0E13033C717B,276,2025-05-11 17:56:29,2025-05-11 17:56:29
221095,SK-430656C26800,219,2024-10-09 18:15:40,2024-10-09 18:15:40
202067,SK-6C327C48E6E4,416,2025-10-28 11:59:01,2025-10-28 11:59:01
210193,SK-8851A5CD25CD,247,2025-06-19 11:26:25,2025-06-19 11:26:25
227858,SK-878B9079385A,347,2025-05-28 08:57:54,2025-05-28 08:57:54
233442,SK-188219192CD0,69,2025-11-13 13:49:29,2025-11-13 13:49:29
219823,SK-BDA628197F46,96,2025-05-09 18:07:43,2025-05-09 18:07:43
207066,SK-9EE8610FF9EC,276,2026-05-12 05:14:02,2026-05-12 05:14:02
243544,SK-8FDF3921DAFF,168,2026-06-01 09:03:53,2026-06-01 09:03:53
242765,SK-FD36A2BCB97B,29,2026-05-31 17:02:22,2026-05-31 17:02:22
208726,SK-C3A0192EFFCA,449,2024-11-01 07:08:30,2024-11-01 07:08:30
209496,SK-8D56604CC706,449,2024-10-30 10:33:26,2024-10-30 10:33:26
211593,SK-5500E3A0E263,376,2026-04-25 12:08:46,2026-04-25 12:08:46
204313,SK-D4B4B2E36DEA,383,2026-05-24 14:52:03,2026-05-24 14:52:03
236395,SK-EACEF0D61C3A,417,2025-11-10 12:45:16,2025-11-10 12:45:16
237958,SK-891157C1A569,19,2025-05-18 02:56:02,2025-05-18 02:56:02
228578,SK-D9122F6ADA36,238,2024-10-28 16:42:38,2024-10-28 16:42:38
236163,SK-2BF73BDAD998,61,2025-03-13 21:01:39,2025-03-13 21:01:39
240861,SK-CF8BB21B07EB,234,2025-05-15 22:52:46,2025-05-15 22:52:46
246648,SK-84D7D997DCD6,65,2026-03-24 06:40:23,2026-03-24 06:40:23
231471,SK-10364EA78FDE,331,2024-12-10 06:51:21,2024-12-10 06:51:21
213028,SK-38AEF6140510,423,2025-01-22 06:09:36,2025-01-22 06:09:36
214818,SK-2F1911FF5E83,446,2024-12-26 14:12:30,2024-12-26 14:12:30
244593,SK-C3A70BC03580,17,2025-06-11 10:52:36,2025-06-11 10:52:36
234941,SK-62BEE72CC410,215,2025-09-04 14:05:41,2025-09-04 14:05:41
204366,SK-09A9F5E3E916,103,2025-12-27 07:35:10,2025-12-27 07:35:10
209942,SK-05E827F7FB92,499,2025-09-21 04:45:00,2025-09-21 04:45:00
228228,SK-ED273648EA3B,207,2026-05-13 05:16:52,2026-05-13 05:16:52
246630,SK-A9D255DD8716,450,2025-02-06 01:45:21,2025-02-06 01:45:21
223597,SK-BAA70D6B0494,348,2024-09-05 07:00:21,2024-09-05 07:00:21
201512,SK-A30A4C08DED0,419,2024-07-30 11:44:05,2024-07-30 11:44:05
203220,SK-0812B3A73951,106,2025-12-06 18:24:53,2025-12-06 18:24:53
229557,SK-38A37113FD4A,327,2026-02-24 17:06:35,2026-02-24 17:06:35
215812,SK-4567FF1C0209,281,2025-12-19 15:10:13,2025-12-19 15:10:13
241620,SK-4B74303020B9,104,2025-11-14 05:15:24,2025-11-14 05:15:24
245070,SK-5A1F8CDDABB5,169,2025-11-30 17:45:45,2025-11-30 17:45:45
228165,SK-9EE2E882D738,37,2026-06-09 22:49:15,2026-06-09 22:49:15
217534,SK-11D93A09AA47,173,2026-01-30 12:12:27,2026-01-30 12:12:27
234661,SK-752A7A9FBC6D,168,2026-02-24 04:34:24,2026-02-24 04:34:24
204908,SK-8F509AF8FA20,177,2024-08-01 04:40:12,2024-08-01 04:40:12
249723,SK-22C3C4BEC528,482,2024-06-29 16:46:53,2024-06-29 16:46:53
209972,SK-8650647813EA,358,2024-08-30 13:45:35,2024-08-30 13:45:35
225964,SK-999807BB7950,24,2026-04-11 20:24:08,2026-04-11 20:24:08
241677,SK-6413B7935B77,222,2025-12-14 00:22:04,2025-12-14 00:22:04
209827,SK-60C34FAC0DFD,53,2026-01-03 08:47:22,2026-01-03 08:47:22
244948,SK-75A6519E8D99,166,2025-09-23 03:02:36,2025-09-23 03:02:36
242256,SK-B6C71F05E26D,435,2024-11-30 08:09:39,2024-11-30 08:09:39
223588,SK-BB16A521E299,203,2024-12-09 09:54:57,2024-12-09 09:54:57
231922,SK-A99E77684EE2,191,2024-12-11 09:16:32,2024-12-11 09:16:32
225379,SK-A8975546BF12,137,2025-03-27 11:17:17,2025-03-27 11:17:17
235507,SK-F30BA141B7FE,150,2026-04-05 22:35:38,2026-04-05 22:35:38
237812,SK-90DBCADAE303,11,2024-07-19 19:51:41,2024-07-19 19:51:41
217211,SK-A7135D02818C,465,2025-11-08 12:14:18,2025-11-08 12:14:18
239942,SK-1E0EC50F1B26,447,2024-08-06 04:12:41,2024-08-06 04:12:41
200257,SK-04EB8C96C4F4,308,2025-03-04 09:29:02,2025-03-04 09:29:02
204500,SK-5F0A41EB2C17,175,2026-03-06 20:47:27,2026-03-06 20:47:27
220387,SK-8043D931A502,65,2024-06-10 08:59:44,2024-06-10 08:59:44
202185,SK-01012C59916D,417,2024-12-05 13:25:42,2024-12-05 13:25:42
234009,SK-AA09F24908F4,111,2025-05-21 09:17:44,2025-05-21 09:17:44
237218,SK-B7EBB0B3C945,51,2024-11-09 06:10:47,2024-11-09 06:10:47
237325,SK-9BA8368B8F0E,143,2024-06-25 09:38:09,2024-06-25 09:38:09
207076,SK-1FF666936D59,196,2025-08-22 11:06:56,2025-08-22 11:06:56
203977,SK-139CA04EB7B8,364,2025-09-14 09:05:51,2025-09-14 09:05:51
205979,SK-67C250282CB8,425,2025-03-08 10:40:23,2025-03-08 10:40:23
245405,SK-989A432B94AC,325,2025-04-10 17:44:10,2025-04-10 17:44:10
232881,SK-319DF21E0AB6,435,2024-12-07 09:24:24,2024-12-07 09:24:24
229147,SK-B7CA6A1F3D3D,441,2025-09-14 10:11:39,2025-09-14 10:11:39
232710,SK-8F93DC1879F0,367,2026-02-01 21:05:02,2026-02-01 21:05:02
247044,SK-AE3CBF996420,1,2025-08-20 17:26:44,2025-08-20 17:26:44
234946,SK-17E74B70774F,254,2025-02-18 08:08:32,2025-02-18 08:08:32
237294,SK-0E47A37B39A2,152,2025-07-03 18:07:20,2025-07-03 18:07:20
202035,SK-C70000EA1756,92,2026-01-18 22:22:52,2026-01-18 22:22:52
200254,SK-333023B74634,136,2025-09-28 19:53:37,2025-09-28 19:53:37
221134,SK-6DE0393B9729,328,2026-04-07 16:04:28,2026-04-07 16:04:28
216250,SK-C41CB11FD004,132,2026-05-21 06:23:17,2026-05-21 06:23:17
241626,SK-5E12169B681C,101,2025-08-17 12:03:23,2025-08-17 12:03:23
223509,SK-8B93D8E465F9,270,2025-12-28 06:58:40,2025-12-28 06:58:40
222441,SK-13B9B918C1AC,125,2025-12-01 06:08:03,2025-12-01 06:08:03
210841,SK-170C0740FCAD,93,2024-12-10 10:06:40,2024-12-10 10:06:40
229727,SK-A2131071A9C3,471,2025-07-31 03:14:00,2025-07-31 03:14:00
202290,SK-34B39A06F57D,430,2024-10-15 03:15:22,2024-10-15 03:15:22
232843,SK-70CB8B5E025C,321,2024-10-10 09:48:58,2024-10-10 09:48:58
237831,SK-A4D66C83964B,446,2024-09-07 19:54:23,2024-09-07 19:54:23
222957,SK-F2BC4351837B,70,2024-11-16 23:28:54,2024-11-16 23:28:54
243515,SK-CD2575A7ADC6,83,2024-12-06 18:26:36,2024-12-06 18:26:36
202052,SK-C564A0ECEF25,223,2025-11-16 03:07:19,2025-11-16 03:07:19
237010,SK-04C040982591,492,2025-03-03 16:40:21,2025-03-03 16:40:21
227092,SK-B129D639F2A6,355,2026-04-21 15:43:50,2026-04-21 15:43:50
236764,SK-E81AFE227F1E,223,2026-03-20 18:59:40,2026-03-20 18:59:40
201747,SK-1FA81B42AA93,56,2025-06-30 20:43:50,2025-06-30 20:43:50
240356,SK-0C440940322F,343,2026-05-02 15:12:52,2026-05-02 15:12:52
237791,SK-BB651FAF29EB,499,2024-07-17 01:52:38,2024-07-17 01:52:38
205345,SK-781A7785DF8F,84,2025-10-21 00:24:17,2025-10-21 00:24:17
234350,SK-D2712908CE2A,238,2025-01-22 12:56:56,2025-01-22 12:56:56
230794,SK-5C4EB6DD8B70,285,2024-10-09 03:00:59,2024-10-09 03:00:59
237005,SK-7A5371A21F51,97,2024-08-17 06:22:57,2024-08-17 06:22:57
207856,SK-73413CC453F1,364,2025-12-19 01:39:17,2025-12-19 01:39:17
243723,SK-DFCE963FB5CB,48,2026-03-11 04:17:45,2026-03-11 04:17:45
203214,SK-1C769EF7FF41,129,2024-12-15 13:44:58,2024-12-15 13:44:58
200454,SK-FE09EE44EFF2,357,2025-08-28 05:02:38,2025-08-28 05:02:38
231899,SK-6B15A97EC839,250,2024-09-07 22:06:15,2024-09-07 22:06:15
229258,SK-159E82A2ACF4,301,2025-06-20 14:50:05,2025-06-20 14:50:05
235529,SK-7DA2AE5C39E5,252,2024-12-25 03:41:49,2024-12-25 03:41:49
225891,SK-BDFA0F47905A,48,2026-01-07 05:32:31,2026-01-07 05:32:31
225612,SK-C61E70439CB9,35,2025-06-10 14:01:57,2025-06-10 14:01:57
222914,SK-F5137336A29D,71,2025-07-13 10:30:47,2025-07-13 10:30:47
201437,SK-B9FF4F076AC5,314,2024-07-03 16:02:30,2024-07-03 16:02:30
229667,SK-23CC5118F451,76,2026-04-21 14:33:06,2026-04-21 14:33:06
238664,SK-415055BB6352,224,2025-06-16 22:06:39,2025-06-16 22:06:39
230897,SK-7026E17851F1,481,2026-01-14 02:44:41,2026-01-14 02:44:41
232361,SK-DEFF079A0D35,347,2025-05-12 20:11:53,2025-05-12 20:11:53
203791,SK-54298D049083,403,2026-01-28 19:53:31,2026-01-28 19:53:31
202119,SK-1FDCD500ADCF,141,2026-04-30 15:17:50,2026-04-30 15:17:50
224596,SK-7A351FB8ED95,464,2024-11-13 09:48:15,2024-11-13 09:48:15
237103,SK-816C0A92A6F4,66,2024-06-18 21:58:05,2024-06-18 21:58:05
213995,SK-02B4C1144A4D,369,2025-10-23 12:23:21,2025-10-23 12:23:21
233804,SK-515AD494987E,141,2025-06-11 13:49:59,2025-06-11 13:49:59
246183,SK-44AD347AEC1F,63,2025-05-29 12:00:25,2025-05-29 12:00:25
234139,SK-3FE611FC1F1F,111,2026-01-17 20:11:06,2026-01-17 20:11:06
233460,SK-581A9E5B96D7,202,2024-09-06 01:37:11,2024-09-06 01:37:11
231363,SK-A6A7B0DCBDA7,230,2024-12-22 19:39:21,2024-12-22 19:39:21
200253,SK-0DEC18F237D9,396,2026-03-26 21:36:37,2026-03-26 21:36:37
231727,SK-18910FE7EA16,369,2025-03-27 18:11:16,2025-03-27 18:11:16
204385,SK-4B50D593578F,102,2024-07-22 11:24:22,2024-07-22 11:24:22
201441,SK-147FB4323100,337,2024-10-17 07:37:30,2024-10-17 07:37:30
202344,SK-EEAFC88E243F,208,2025-04-24 03:28:08,2025-04-24 03:28:08
228947,SK-53D41A351C2A,99,2024-06-28 15:26:36,2024-06-28 15:26:36
239030,SK-5F93370941DB,366,2025-05-29 02:00:15,2025-05-29 02:00:15
234675,SK-F89441B1DB86,477,2024-09-28 15:58:35,2024-09-28 15:58:35
210404,SK-64D9D74ABEE4,364,2025-12-20 20:26:30,2025-12-20 20:26:30
242334,SK-005958470E3F,392,2024-10-13 10:49:04,2024-10-13 10:49:04
216585,SK-3036B6677973,51,2025-01-20 18:58:11,2025-01-20 18:58:11
216984,SK-D811D07C60CC,261,2024-10-07 22:41:05,2024-10-07 22:41:05
229460,SK-41D7FBD71CC8,35,2025-06-13 14:06:39,2025-06-13 14:06:39
246232,SK-D1F5F8D27A0E,10,2025-05-12 22:04:58,2025-05-12 22:04:58
219055,SK-993209E37BD1,446,2026-04-29 21:21:14,2026-04-29 21:21:14
243852,SK-02832427E7BE,349,2025-05-12 16:43:17,2025-05-12 16:43:17
225853,SK-F5BA480D4735,277,2026-03-13 22:31:12,2026-03-13 22:31:12
200682,SK-CA0AB8EB562A,74,2025-08-08 04:47:20,2025-08-08 04:47:20
239104,SK-1ADB81CD71C2,53,2026-05-12 20:49:06,2026-05-12 20:49:06
212385,SK-52582FF0F607,331,2024-11-16 19:56:04,2024-11-16 19:56:04
215676,SK-F5CED514EFB4,154,2024-12-27 01:09:30,2024-12-27 01:09:30
236298,SK-83147FAEF16B,340,2024-08-04 08:56:20,2024-08-04 08:56:20
235353,SK-8ED95CDC3830,292,2025-09-13 16:31:07,2025-09-13 16:31:07
210291,SK-E1504D5A077D,28,2025-12-11 04:09:46,2025-12-11 04:09:46
217213,SK-0C26B4BB2EF6,415,2024-09-23 01:32:27,2024-09-23 01:32:27
232805,SK-E9F5EB91F9D4,115,2024-09-13 23:20:12,2024-09-13 23:20:12
234670,SK-5CBCFC20CF28,225,2025-11-07 08:27:58,2025-11-07 08:27:58
248782,SK-6D88E9266D97,490,2024-09-21 09:55:12,2024-09-21 09:55:12
207067,SK-471246BB82E7,324,2026-02-10 03:20:51,2026-02-10 03:20:51
246196,SK-30382F9FB651,196,2024-09-10 16:08:18,2024-09-10 16:08:18
207111,SK-2FB8CC7C98D0,272,2025-05-28 01:07:12,2025-05-28 01:07:12
207195,SK-AC18115A5471,64,2025-03-22 01:14:08,2025-03-22 01:14:08
219711,SK-0B0DCBBDD869,390,2025-09-28 15:22:45,2025-09-28 15:22:45
233260,SK-96C344111FD7,347,2025-02-09 23:13:19,2025-02-09 23:13:19
200384,SK-9D5F83724BDE,39,2026-05-09 14:47:56,2026-05-09 14:47:56
209604,SK-F5B3DE97B288,275,2025-06-25 02:46:28,2025-06-25 02:46:28
238678,SK-D359D1B56A02,170,2026-05-26 07:03:13,2026-05-26 07:03:13
214131,SK-F8439046CA84,251,2025-10-14 18:22:42,2025-10-14 18:22:42
233093,SK-F5FF5E3870F3,321,2025-02-26 13:32:20,2025-02-26 13:32:20
238905,SK-28543A831158,281,2025-01-17 23:25:39,2025-01-17 23:25:39
202182,SK-DA558CD10C0E,327,2025-04-13 00:40:13,2025-04-13 00:40:13
249587,SK-97EFAF077AF4,438,2025-02-24 09:10:17,2025-02-24 09:10:17
246307,SK-4996A1F9AA8F,283,2025-09-02 17:10:31,2025-09-02 17:10:31
236763,SK-30815369F42C,199,2024-08-24 23:37:00,2024-08-24 23:37:00
221750,SK-BBDB6E520B26,347,2025-04-26 01:20:07,2025-04-26 01:20:07
225605,SK-B90AFEC6CD67,378,2025-01-09 18:02:43,2025-01-09 18:02:43
202718,SK-D9A4B4EF1BBF,198,2026-03-29 12:31:37,2026-03-29 12:31:37
241486,SK-B08F72097152,330,2024-11-08 08:12:47,2024-11-08 08:12:47
228487,SK-AF150889B556,31,2024-11-24 04:23:29,2024-11-24 04:23:29
232970,SK-EF714FC68157,324,2025-03-11 13:59:17,2025-03-11 13:59:17
232342,SK-F89D5A909E39,273,2026-01-01 17:24:07,2026-01-01 17:24:07
202383,SK-0C525720775D,94,2025-03-31 20:16:35,2025-03-31 20:16:35
202556,SK-EA1F76DA2EF1,79,2026-04-24 18:25:31,2026-04-24 18:25:31
229507,SK-F9C3FD4F23AD,303,2025-06-15 12:10:59,2025-06-15 12:10:59
222033,SK-31E1D455EA87,389,2025-02-18 06:56:07,2025-02-18 06:56:07
238218,SK-4EA991E08A96,384,2024-09-17 07:43:13,2024-09-17 07:43:13
229185,SK-BE1BA5836242,352,2024-10-09 00:07:59,2024-10-09 00:07:59
230491,SK-D2F68FF4A663,139,2025-05-20 13:26:49,2025-05-20 13:26:49
225708,SK-D92CB9E14221,183,2025-01-24 16:52:48,2025-01-24 16:52:48
219857,SK-298DF90A0AA9,149,2025-10-08 06:52:21,2025-10-08 06:52:21
232924,SK-803AC58601DB,81,2026-01-06 10:24:25,2026-01-06 10:24:25
236405,SK-CF0C845E54C9,236,2025-06-01 06:57:23,2025-06-01 06:57:23
245315,SK-768C83DEEE97,52,2025-05-15 13:27:59,2025-05-15 13:27:59
247384,SK-7D0FE5BEEEE1,303,2025-11-14 11:45:33,2025-11-14 11:45:33
233895,SK-1BD3E1F74C11,319,2025-09-15 05:21:44,2025-09-15 05:21:44
202138,SK-58A357E6693E,47,2024-12-23 13:49:50,2024-12-23 13:49:50
238853,SK-2B044310AE02,82,2025-05-08 04:15:56,2025-05-08 04:15:56
239023,SK-89D0F7DA6B61,127,2024-10-30 08:36:28,2024-10-30 08:36:28
242631,SK-230F483915A9,310,2024-10-05 05:05:48,2024-10-05 05:05:48
227656,SK-D8230690AFDD,296,2024-10-27 17:06:15,2024-10-27 17:06:15
223666,SK-83941838580E,184,2024-10-03 05:13:14,2024-10-03 05:13:14
212046,SK-ED4182D46E34,210,2024-09-14 22:40:03,2024-09-14 22:40:03
227888,SK-F3A994C036F5,472,2025-11-18 01:29:53,2025-11-18 01:29:53
228826,SK-D5C2B5BE0605,290,2026-06-04 09:48:12,2026-06-04 09:48:12
239913,SK-E9539735E3D2,427,2026-03-12 09:52:53,2026-03-12 09:52:53
243713,SK-9C12BF74167A,434,2025-10-15 19:03:41,2025-10-15 19:03:41
231854,SK-59D4CB8AFBAA,309,2026-03-17 21:31:52,2026-03-17 21:31:52
212005,SK-A8D9AE0FE1C7,301,2025-09-25 00:23:08,2025-09-25 00:23:08
205873,SK-66F996696AF0,491,2025-02-11 05:58:51,2025-02-11 05:58:51
226637,SK-3086D4A44466,334,2025-05-09 12:48:36,2025-05-09 12:48:36
207616,SK-1AA3A850B159,100,2026-01-01 06:21:51,2026-01-01 06:21:51
214129,SK-9FDB6EACBC61,268,2024-07-31 04:50:27,2024-07-31 04:50:27
223553,SK-60513391F869,331,2025-03-03 04:48:54,2025-03-03 04:48:54
210997,SK-30BBB13585A3,420,2026-02-10 18:00:13,2026-02-10 18:00:13
212885,SK-CF369CBEBBF2,153,2025-04-15 06:08:11,2025-04-15 06:08:11
249445,SK-24A3587D8B0D,325,2025-10-23 04:26:58,2025-10-23 04:26:58
204975,SK-171D7A2A14E8,156,2025-10-06 12:43:51,2025-10-06 12:43:51
238374,SK-9950E1480C25,265,2024-10-08 20:39:06,2024-10-08 20:39:06
244774,SK-B1C56FE3B300,347,2025-12-10 07:42:29,2025-12-10 07:42:29
206381,SK-45AAF1F59BCB,313,2025-02-25 03:15:05,2025-02-25 03:15:05
227088,SK-E1F5B9008182,353,2025-11-09 13:25:27,2025-11-09 13:25:27
213856,SK-8FB36B54A4C7,30,2026-04-09 06:54:36,2026-04-09 06:54:36
212120,SK-B152C9425D07,240,2025-03-12 14:33:35,2025-03-12 14:33:35
200116,SK-B4EF6790F404,33,2026-03-13 12:26:59,2026-03-13 12:26:59
232694,SK-E1895D8C7A5E,237,2025-07-03 19:10:52,2025-07-03 19:10:52
247287,SK-3F5513F56709,88,2024-06-14 00:07:35,2024-06-14 00:07:35
203081,SK-628027E962C2,301,2024-09-29 12:50:08,2024-09-29 12:50:08
235870,SK-88308B99BF81,228,2025-11-13 03:00:29,2025-11-13 03:00:29
242014,SK-269C9653531A,269,2025-12-09 18:14:07,2025-12-09 18:14:07
239694,SK-0939F307E399,101,2025-11-11 16:16:26,2025-11-11 16:16:26
200712,SK-20F870D2B193,276,2025-09-03 14:35:57,2025-09-03 14:35:57
222599,SK-3DCD88F7623B,160,2025-11-11 20:39:46,2025-11-11 20:39:46
205815,SK-929C9687D681,161,2026-01-20 06:19:58,2026-01-20 06:19:58
229377,SK-A7AFD8786D3F,24,2025-11-05 18:41:51,2025-11-05 18:41:51
248689,SK-96E2B854BD3B,179,2025-09-08 16:00:31,2025-09-08 16:00:31
222915,SK-609C5C48F261,312,2025-08-14 18:51:19,2025-08-14 18:51:19
219554,SK-2251F38AD3F1,304,2025-06-20 14:45:00,2025-06-20 14:45:00
241491,SK-7BFDDA851F5F,340,2024-12-18 17:50:19,2024-12-18 17:50:19
203042,SK-C437AE42BA90,300,2025-11-22 16:18:03,2025-11-22 16:18:03
217045,SK-E21F0E586C8F,203,2025-05-16 10:54:13,2025-05-16 10:54:13
243186,SK-7F6BA285C42D,203,2026-04-27 09:50:57,2026-04-27 09:50:57
210930,SK-17519564DA36,469,2025-03-14 05:34:47,2025-03-14 05:34:47
220711,SK-21438E1139AA,201,2026-04-28 00:15:11,2026-04-28 00:15:11
238843,SK-66B02FC3674A,194,2025-03-07 06:38:52,2025-03-07 06:38:52
219950,SK-8F33C98BEAE0,350,2024-07-23 22:57:45,2024-07-23 22:57:45
208544,SK-38C06D5A80CD,413,2025-10-25 13:06:43,2025-10-25 13:06:43
233180,SK-96F021AF28ED,465,2024-11-11 00:38:33,2024-11-11 00:38:33
234969,SK-82705FFB295B,420,2026-04-28 06:49:17,2026-04-28 06:49:17
215218,SK-458814DB3985,184,2025-08-09 13:18:11,2025-08-09 13:18:11
218625,SK-A3BC954AAE0B,433,2026-02-28 05:47:24,2026-02-28 05:47:24
223121,SK-E48140EEC8EF,44,2025-09-04 12:19:29,2025-09-04 12:19:29
236121,SK-728359047D8A,484,2025-10-10 23:09:05,2025-10-10 23:09:05
218538,SK-9775FBAF8F1D,255,2025-01-12 03:11:08,2025-01-12 03:11:08
209973,SK-0FAD2A8053FB,444,2026-05-31 21:47:15,2026-05-31 21:47:15
201534,SK-889B56E7CEE3,360,2025-08-13 14:56:11,2025-08-13 14:56:11
209205,SK-E24EACED20D6,49,2025-08-14 01:12:30,2025-08-14 01:12:30
214744,SK-19014235644E,316,2026-03-28 16:25:26,2026-03-28 16:25:26
217598,SK-CF4F18E70995,109,2025-12-11 17:01:25,2025-12-11 17:01:25
232014,SK-D0961EC2899D,171,2025-09-16 03:40:38,2025-09-16 03:40:38
216890,SK-898E0456B902,471,2024-08-09 23:31:37,2024-08-09 23:31:37
216686,SK-8946E74D9FD9,69,2026-04-03 23:07:52,2026-04-03 23:07:52
225769,SK-C3B66A4E32ED,312,2025-12-18 16:52:17,2025-12-18 16:52:17
235497,SK-0C6EDEE3AB8B,224,2025-06-28 18:23:20,2025-06-28 18:23:20
223468,SK-74840E91802E,308,2024-09-04 15:00:56,2024-09-04 15:00:56
224702,SK-3C2464A004A1,474,2026-03-04 20:23:22,2026-03-04 20:23:22
241685,SK-D2DF8308FDCD,303,2026-03-28 05:36:46,2026-03-28 05:36:46
249393,SK-14E2F0D9AC8C,390,2026-04-09 09:16:28,2026-04-09 09:16:28
207617,SK-9ABCBCED83F4,242,2025-05-01 01:45:05,2025-05-01 01:45:05
219308,SK-6F140AA449B7,472,2025-08-05 11:40:24,2025-08-05 11:40:24
246240,SK-E2795A4DFB92,205,2025-03-31 01:02:40,2025-03-31 01:02:40
212558,SK-C5189A193351,319,2025-10-20 16:27:41,2025-10-20 16:27:41
237374,SK-3CE90810F15F,439,2025-02-07 01:56:59,2025-02-07 01:56:59
219126,SK-32D118A1B25A,500,2024-07-25 10:44:11,2024-07-25 10:44:11
243218,SK-F70956376FD1,469,2025-02-19 13:01:49,2025-02-19 13:01:49
242197,SK-6FD501F4845D,310,2025-02-03 09:46:22,2025-02-03 09:46:22
239152,SK-616C8A7F53A1,172,2026-05-09 16:59:18,2026-05-09 16:59:18
238268,SK-79B0F7AA4036,164,2025-09-14 15:15:43,2025-09-14 15:15:43
209481,SK-77D1C771E082,92,2024-09-13 20:38:56,2024-09-13 20:38:56
229031,SK-6ECFECF77FF6,268,2024-08-03 06:12:47,2024-08-03 06:12:47
205237,SK-50FC67ADE517,74,2025-11-19 10:39:15,2025-11-19 10:39:15
238655,SK-EA306FF6AF6E,343,2024-08-15 00:25:16,2024-08-15 00:25:16
200861,SK-0601759DDD44,335,2025-03-19 15:53:02,2025-03-19 15:53:02
246480,SK-7286C09F5E53,315,2025-02-11 23:30:22,2025-02-11 23:30:22
232577,SK-0C950336CBE4,430,2026-02-04 18:08:15,2026-02-04 18:08:15
213446,SK-187BDD3133C5,31,2025-02-04 07:24:51,2025-02-04 07:24:51
220052,SK-484383888D0B,291,2026-01-29 14:57:35,2026-01-29 14:57:35
201987,SK-EE6CD5370593,316,2024-08-21 04:13:28,2024-08-21 04:13:28
247513,SK-66A4317FD9C7,178,2025-03-13 10:04:40,2025-03-13 10:04:40
225596,SK-5C3CE0FA53DA,41,2025-06-21 15:23:41,2025-06-21 15:23:41
238170,SK-9C6869053014,64,2026-03-06 09:10:04,2026-03-06 09:10:04
223595,SK-9ABBF0DE69B9,50,2024-09-02 03:19:50,2024-09-02 03:19:50
206975,SK-BEEC59F9C4FF,386,2025-12-31 18:49:35,2025-12-31 18:49:35
211254,SK-312B49888758,372,2024-08-01 06:24:58,2024-08-01 06:24:58
209639,SK-A3B20492B246,237,2025-02-23 03:59:50,2025-02-23 03:59:50
216867,SK-0A996BE237D1,491,2025-10-18 07:53:12,2025-10-18 07:53:12
200693,SK-D3B28381C59A,291,2025-05-11 16:47:57,2025-05-11 16:47:57
237832,SK-8EEFF8FB51C3,483,2024-12-18 01:10:19,2024-12-18 01:10:19
222890,SK-E38C3F07AF52,309,2025-11-11 17:19:05,2025-11-11 17:19:05
234488,SK-BB2A3B4D1B99,7,2025-05-29 00:53:03,2025-05-29 00:53:03
223156,SK-208A575985DA,58,2025-06-27 11:29:06,2025-06-27 11:29:06
213631,SK-87C9343F4EEF,351,2025-12-14 09:03:13,2025-12-14 09:03:13
227700,SK-6B2B3A1CC1B8,17,2026-03-12 21:45:44,2026-03-12 21:45:44
244692,SK-9EBF38A7CADB,34,2025-06-04 13:01:51,2025-06-04 13:01:51
214486,SK-B1ADA71D0FFC,481,2026-01-27 20:18:47,2026-01-27 20:18:47
245559,SK-77020087796A,141,2025-01-27 12:03:24,2025-01-27 12:03:24
224107,SK-009B04FF68CA,276,2024-09-27 16:07:14,2024-09-27 16:07:14
211347,SK-6E26E145B7BE,220,2024-10-05 10:06:21,2024-10-05 10:06:21
223060,SK-65E99839A9EF,124,2024-12-08 23:02:32,2024-12-08 23:02:32
244314,SK-6BBE80642A80,198,2024-10-17 09:16:13,2024-10-17 09:16:13
244607,SK-88EFAC1668AB,436,2024-10-21 00:49:16,2024-10-21 00:49:16
228147,SK-DB592E924AA9,444,2024-12-16 01:33:09,2024-12-16 01:33:09
233933,SK-BF099A0509DE,360,2025-08-22 03:53:26,2025-08-22 03:53:26
222126,SK-4347171D1F73,277,2024-11-27 04:53:27,2024-11-27 04:53:27
203635,SK-5FA82E9C1414,258,2024-11-14 11:11:15,2024-11-14 11:11:15
229805,SK-48ED83028A0A,494,2025-08-02 10:39:45,2025-08-02 10:39:45
223911,SK-A09B720D17BB,250,2024-07-24 00:14:29,2024-07-24 00:14:29
224179,SK-E503AB792C5A,95,2024-10-23 17:55:29,2024-10-23 17:55:29
200268,SK-7A6D01A4991D,106,2024-10-23 19:31:36,2024-10-23 19:31:36
208448,SK-3F4E2E13BCCC,412,2026-06-04 03:09:24,2026-06-04 03:09:24
241060,SK-5EDFBFDBD4AD,28,2024-12-18 23:03:27,2024-12-18 23:03:27
224442,SK-75846F2DEBAF,295,2025-01-08 08:07:48,2025-01-08 08:07:48
229591,SK-CA066A7E205D,191,2026-05-02 21:48:57,2026-05-02 21:48:57
203620,SK-A91793E88155,216,2025-08-04 16:56:34,2025-08-04 16:56:34
243418,SK-C688BCC098D6,384,2024-09-16 08:32:22,2024-09-16 08:32:22
247049,SK-87DADF80EE4C,129,2024-11-20 13:14:31,2024-11-20 13:14:31
245688,SK-D9EE2461C8B0,371,2024-12-12 16:36:16,2024-12-12 16:36:16
213251,SK-3DDEEAA07E43,20,2024-08-01 07:48:06,2024-08-01 07:48:06
230736,SK-0A6C7367F5F3,216,2026-05-14 11:43:01,2026-05-14 11:43:01
242333,SK-7CA5120C4339,30,2025-09-13 17:29:17,2025-09-13 17:29:17
247453,SK-8C849B265206,112,2025-10-11 00:30:44,2025-10-11 00:30:44
243021,SK-C61D1D3A157D,79,2024-11-18 07:10:56,2024-11-18 07:10:56
230751,SK-4DAD36F2AA17,25,2024-07-13 11:34:38,2024-07-13 11:34:38
211517,SK-8A164A9C0307,469,2024-10-07 21:39:36,2024-10-07 21:39:36
215259,SK-94E71B9580A6,443,2024-10-24 08:46:52,2024-10-24 08:46:52
230017,SK-AB0912578ABC,201,2024-09-28 21:06:19,2024-09-28 21:06:19
244228,SK-34338099D53F,178,2025-07-07 16:02:19,2025-07-07 16:02:19
216908,SK-0296C9BCC32C,337,2025-01-18 12:54:12,2025-01-18 12:54:12
244135,SK-5DA083477884,273,2025-10-04 15:48:02,2025-10-04 15:48:02
218131,SK-DF6D0A37EFD9,176,2025-08-20 21:25:08,2025-08-20 21:25:08
229307,SK-941080AA08DC,41,2025-12-29 03:19:00,2025-12-29 03:19:00
221981,SK-AB80CC98B2E5,341,2025-07-12 19:14:12,2025-07-12 19:14:12
202595,SK-71FBC0C7DA22,301,2026-01-22 04:25:15,2026-01-22 04:25:15
208739,SK-91A754D8F948,257,2024-10-16 14:38:25,2024-10-16 14:38:25
201619,SK-2D8193CC1C90,399,2024-11-26 12:46:26,2024-11-26 12:46:26
216820,SK-7CB691955DAC,322,2024-06-14 06:27:34,2024-06-14 06:27:34
209303,SK-35D7D32CB3CC,216,2025-12-01 11:36:56,2025-12-01 11:36:56
207220,SK-31E1DA1475DD,240,2024-11-19 21:30:30,2024-11-19 21:30:30
216527,SK-99B0690B2B78,321,2026-05-29 13:52:47,2026-05-29 13:52:47
213718,SK-6DB3C7F613EC,229,2024-08-10 10:50:16,2024-08-10 10:50:16
210344,SK-746086B8F013,82,2024-06-29 22:25:48,2024-06-29 22:25:48
202089,SK-498C2658AB2E,226,2024-11-26 07:49:07,2024-11-26 07:49:07
229523,SK-72DF572F0A6E,130,2025-12-16 14:59:51,2025-12-16 14:59:51
249594,SK-55BAD600F2D5,170,2025-12-29 11:01:12,2025-12-29 11:01:12
211955,SK-7396B91B68DB,486,2025-07-04 14:57:28,2025-07-04 14:57:28
202609,SK-92CD5187C9A6,5,2024-06-11 04:51:40,2024-06-11 04:51:40
200185,SK-98D7312B1CC2,178,2026-05-05 09:11:23,2026-05-05 09:11:23
211359,SK-80A5563E309B,401,2026-02-26 02:20:20,2026-02-26 02:20:20
234529,SK-B360596BC5E5,417,2026-03-22 17:09:55,2026-03-22 17:09:55
215442,SK-EE63E5C328D3,404,2026-04-03 08:21:07,2026-04-03 08:21:07
236435,SK-81EF2BC26105,285,2026-05-22 08:15:55,2026-05-22 08:15:55
234894,SK-C41B7AC4BDA0,16,2024-08-26 01:58:39,2024-08-26 01:58:39
227340,SK-70D50ADE81B8,404,2024-12-31 19:10:58,2024-12-31 19:10:58
226546,SK-582ADE397461,52,2025-09-04 12:02:35,2025-09-04 12:02:35
213939,SK-25AC9763EF9B,203,2024-06-17 06:23:10,2024-06-17 06:23:10
214158,SK-EDE1876E62D8,413,2024-11-01 15:38:02,2024-11-01 15:38:02
213385,SK-F182CCBC6D7D,242,2024-09-25 04:09:34,2024-09-25 04:09:34
205207,SK-43DAFF816300,100,2024-10-29 17:24:42,2024-10-29 17:24:42
228210,SK-D61E8A860485,223,2025-02-23 20:53:29,2025-02-23 20:53:29
227237,SK-8851C4C7DDFB,27,2026-05-17 07:59:43,2026-05-17 07:59:43
242863,SK-E17288273A1E,308,2025-07-21 22:41:07,2025-07-21 22:41:07
208479,SK-F64D849C63A6,390,2025-12-17 17:51:12,2025-12-17 17:51:12
232894,SK-D5BD4DBADD03,195,2026-03-10 23:18:38,2026-03-10 23:18:38
246569,SK-3DFCCA442B6A,103,2025-09-08 12:48:32,2025-09-08 12:48:32
201044,SK-BBCE4C4A7127,474,2024-12-24 12:30:41,2024-12-24 12:30:41
215037,SK-0257CE243A8B,365,2026-05-29 07:51:42,2026-05-29 07:51:42
231665,SK-536C9F5938B5,319,2025-10-16 02:22:58,2025-10-16 02:22:58
245236,SK-BB76AECA6E13,174,2024-12-11 14:21:18,2024-12-11 14:21:18
218704,SK-C88500357726,25,2026-03-06 21:38:39,2026-03-06 21:38:39
219246,SK-22F0AB89C88E,373,2025-06-29 16:43:59,2025-06-29 16:43:59
221810,SK-485696E681F4,366,2025-10-02 01:31:08,2025-10-02 01:31:08
223540,SK-2731945B22E6,170,2025-09-10 03:57:18,2025-09-10 03:57:18
214582,SK-89A184E9B5DB,406,2026-02-09 13:09:26,2026-02-09 13:09:26
224832,SK-8C188165C18D,157,2025-09-05 02:34:55,2025-09-05 02:34:55
215744,SK-CF43D8A69FE6,354,2025-07-08 11:05:09,2025-07-08 11:05:09
222817,SK-9574EDD16AE3,109,2025-04-08 02:07:58,2025-04-08 02:07:58
247533,SK-BA005A74BD9E,276,2024-11-08 05:45:55,2024-11-08 05:45:55
211932,SK-6CF8D14F410B,333,2024-06-10 10:37:46,2024-06-10 10:37:46
212217,SK-A4877FF10935,249,2025-11-08 20:54:39,2025-11-08 20:54:39
220486,SK-D64364217403,88,2025-02-02 07:03:53,2025-02-02 07:03:53
210115,SK-D274558BCF40,44,2025-06-11 02:43:29,2025-06-11 02:43:29
248770,SK-72D5042C1610,63,2025-02-24 02:37:32,2025-02-24 02:37:32
201284,SK-18A968D52D0A,261,2025-10-09 18:23:48,2025-10-09 18:23:48
234018,SK-8B0DBBFDA44A,467,2025-06-12 22:39:07,2025-06-12 22:39:07
220742,SK-23DECF31B804,174,2026-03-24 08:30:39,2026-03-24 08:30:39
248895,SK-0C09028CF24D,2,2026-01-25 04:08:40,2026-01-25 04:08:40
218156,SK-53631F36857C,214,2025-12-10 18:53:16,2025-12-10 18:53:16
210602,SK-0E4DFE909900,479,2026-04-25 15:35:05,2026-04-25 15:35:05
230346,SK-74FA8D45668C,263,2025-08-01 07:32:39,2025-08-01 07:32:39
221786,SK-EE0FC3941ED3,307,2024-07-22 15:53:42,2024-07-22 15:53:42
209277,SK-C0BB131B53B1,454,2026-01-21 15:33:26,2026-01-21 15:33:26
213328,SK-51EF4357A0E6,366,2024-11-06 23:12:20,2024-11-06 23:12:20
235369,SK-2F6BE572E22F,452,2024-11-13 18:03:04,2024-11-13 18:03:04
230604,SK-740DDEB08DAF,358,2025-06-10 06:56:15,2025-06-10 06:56:15
212694,SK-F30D483D8100,179,2024-09-08 09:02:07,2024-09-08 09:02:07
206841,SK-80C9917A0D25,23,2024-11-30 07:48:25,2024-11-30 07:48:25
234578,SK-2E03C16B8C54,69,2025-12-02 18:27:55,2025-12-02 18:27:55
232389,SK-6A614C969A2C,10,2025-10-06 17:43:57,2025-10-06 17:43:57
235945,SK-12EF56842305,55,2025-09-12 23:56:02,2025-09-12 23:56:02
212094,SK-F40E3EE0FB72,418,2024-10-01 07:36:24,2024-10-01 07:36:24
249851,SK-FC012DDA02CD,152,2025-07-21 09:52:07,2025-07-21 09:52:07
227260,SK-6D152B82D08B,274,2025-08-08 00:55:16,2025-08-08 00:55:16
245512,SK-8ADC36B56F42,364,2024-10-08 14:41:08,2024-10-08 14:41:08
214226,SK-165998D73F5F,65,2024-09-02 18:15:08,2024-09-02 18:15:08
211509,SK-CF91A28A0673,7,2024-10-05 13:48:04,2024-10-05 13:48:04
220094,SK-3728E45E44BB,40,2025-03-20 15:34:02,2025-03-20 15:34:02
217702,SK-B3C569B6F71C,214,2024-09-21 22:49:08,2024-09-21 22:49:08
213682,SK-D9948BC34012,232,2025-05-25 22:59:25,2025-05-25 22:59:25
235568,SK-7B6F7EC26068,474,2024-12-12 15:37:04,2024-12-12 15:37:04
215387,SK-43515875DB67,296,2025-10-26 11:51:19,2025-10-26 11:51:19
234437,SK-81AAECD9C85A,107,2026-04-29 02:50:51,2026-04-29 02:50:51
234263,SK-CF75FDD33816,212,2025-05-07 01:17:48,2025-05-07 01:17:48
243768,SK-E1B980EE10F2,44,2024-06-21 06:25:33,2024-06-21 06:25:33
213798,SK-F91E7DFFA9C9,410,2025-12-20 04:48:31,2025-12-20 04:48:31
239286,SK-87C6C6709084,436,2024-07-12 01:42:44,2024-07-12 01:42:44
235286,SK-BD05FAB2F63B,67,2024-09-19 22:17:18,2024-09-19 22:17:18
242741,SK-63023B74C812,394,2024-10-24 23:59:10,2024-10-24 23:59:10
229601,SK-C2F670E967E6,473,2025-09-14 16:37:43,2025-09-14 16:37:43
249926,SK-44B4B24413FB,36,2025-12-19 14:34:09,2025-12-19 14:34:09
212221,SK-6C1FB880A5D6,65,2025-10-28 09:18:45,2025-10-28 09:18:45
232492,SK-2468E22EE565,69,2025-06-25 05:17:21,2025-06-25 05:17:21
248940,SK-A97F331EFF9A,345,2024-11-23 19:24:02,2024-11-23 19:24:02
239069,SK-D88B712AA1CE,32,2024-09-28 06:14:29,2024-09-28 06:14:29
205933,SK-648BDF8A3811,418,2026-01-15 09:36:15,2026-01-15 09:36:15
210402,SK-0A70EE342DC3,480,2026-06-08 13:30:31,2026-06-08 13:30:31
207373,SK-A3C48D92688E,186,2024-06-28 19:21:13,2024-06-28 19:21:13
232545,SK-9F66C650D3B0,480,2025-02-09 14:58:50,2025-02-09 14:58:50
202440,SK-51466F297431,96,2025-09-18 19:22:38,2025-09-18 19:22:38
248616,SK-A8E882E71432,395,2025-12-27 23:37:45,2025-12-27 23:37:45
231254,SK-7593CC1013BE,353,2026-04-12 01:58:12,2026-04-12 01:58:12
234166,SK-54A2D5053AA5,127,2025-08-07 00:15:27,2025-08-07 00:15:27
235139,SK-0448F852599B,177,2025-10-20 15:04:32,2025-10-20 15:04:32
204486,SK-004929D0541B,45,2026-04-02 09:42:49,2026-04-02 09:42:49
235707,SK-48FAFA871863,197,2024-12-20 06:00:48,2024-12-20 06:00:48
239501,SK-9C870E491D89,173,2024-08-24 05:59:51,2024-08-24 05:59:51
205698,SK-3B2E7860494D,429,2024-07-24 15:32:28,2024-07-24 15:32:28
230916,SK-5948CFE9D027,60,2025-05-12 01:51:29,2025-05-12 01:51:29
246412,SK-509FC4E50938,130,2024-12-13 01:23:37,2024-12-13 01:23:37
236080,SK-EFA1D679F41D,453,2024-08-24 07:46:15,2024-08-24 07:46:15
208332,SK-3EE7023D0B93,287,2026-04-27 00:02:38,2026-04-27 00:02:38
246883,SK-4DFE239C7410,159,2025-10-30 07:31:26,2025-10-30 07:31:26
247315,SK-FC91672CA3AF,303,2026-03-25 10:53:15,2026-03-25 10:53:15
221055,SK-A38C6AB2DAE0,277,2025-12-21 01:15:27,2025-12-21 01:15:27
214681,SK-33104BD1A6B9,91,2026-01-06 18:39:47,2026-01-06 18:39:47
243143,SK-7CAF6585E462,90,2025-03-30 08:45:17,2025-03-30 08:45:17
201045,SK-69098CD63047,159,2025-08-06 10:55:50,2025-08-06 10:55:50
216885,SK-62017F37F978,142,2024-10-20 01:42:02,2024-10-20 01:42:02
230945,SK-0150C860E82D,59,2026-01-22 05:12:32,2026-01-22 05:12:32
237921,SK-72A0714F2F0D,431,2024-10-02 15:57:47,2024-10-02 15:57:47
233384,SK-BDA809EC97F3,208,2025-01-23 09:50:51,2025-01-23 09:50:51
208814,SK-6B63F9EA3DF5,348,2024-08-04 08:12:41,2024-08-04 08:12:41
242452,SK-0384AF17B5EA,307,2025-12-22 13:22:48,2025-12-22 13:22:48
240283,SK-6E1FC12EFDEA,281,2025-11-21 14:24:20,2025-11-21 14:24:20
223006,SK-19BD9B39A55A,138,2025-11-04 21:39:50,2025-11-04 21:39:50
242789,SK-6151392A58CA,403,2025-01-26 07:14:00,2025-01-26 07:14:00
226643,SK-9EA86D3C26FC,308,2025-10-31 13:01:57,2025-10-31 13:01:57
201291,SK-22E0636B62D8,313,2025-05-21 07:43:23,2025-05-21 07:43:23
221721,SK-04FBC00EBAB8,404,2026-02-02 12:07:23,2026-02-02 12:07:23
209582,SK-03A3D6B2CD8E,79,2025-01-11 16:35:26,2025-01-11 16:35:26
206365,SK-7738830732FF,155,2024-06-12 06:49:59,2024-06-12 06:49:59
248094,SK-48BCBD9AA8CE,180,2026-04-27 21:37:32,2026-04-27 21:37:32
231213,SK-4E4A5B7493B9,133,2024-09-24 10:06:59,2024-09-24 10:06:59
214765,SK-EC23DF5831D2,230,2025-06-09 03:31:26,2025-06-09 03:31:26
202773,SK-09D8B10A3072,237,2025-08-19 23:34:31,2025-08-19 23:34:31
232213,SK-4F7FA42DBC21,170,2025-12-04 14:08:07,2025-12-04 14:08:07
215642,SK-6AA80BBF3B92,294,2026-04-25 05:47:26,2026-04-25 05:47:26
234154,SK-19A6200029EF,157,2025-01-18 18:42:38,2025-01-18 18:42:38
241554,SK-888A9097C924,92,2025-07-27 13:39:44,2025-07-27 13:39:44
232837,SK-96BB27208FDF,469,2025-03-19 18:24:53,2025-03-19 18:24:53
216600,SK-18EAEEEB1B06,163,2025-04-25 08:23:29,2025-04-25 08:23:29
203308,SK-491A84963804,134,2024-10-11 23:09:22,2024-10-11 23:09:22
217389,SK-EC3CF7FBEE34,464,2024-06-18 18:47:48,2024-06-18 18:47:48
242392,SK-8E08CC1F625D,224,2026-04-23 04:57:03,2026-04-23 04:57:03
215095,SK-6D8390BEAB16,206,2024-08-10 10:32:00,2024-08-10 10:32:00
210758,SK-DE4B784CDC38,260,2025-04-19 11:51:04,2025-04-19 11:51:04
234766,SK-D9B19F729F36,77,2025-02-24 15:46:59,2025-02-24 15:46:59
242126,SK-37D5DB23B332,462,2024-07-14 22:16:09,2024-07-14 22:16:09
248064,SK-3C3CF58D336F,345,2025-08-18 09:24:04,2025-08-18 09:24:04
244153,SK-CE325BDD3E40,67,2025-06-29 12:32:27,2025-06-29 12:32:27
211298,SK-EB3F86CD3D0D,15,2024-12-16 17:14:44,2024-12-16 17:14:44
206204,SK-99CE00AC04B9,298,2025-05-12 09:37:35,2025-05-12 09:37:35
245992,SK-CDDCECB02951,133,2025-02-23 13:35:01,2025-02-23 13:35:01
232364,SK-1D7F5EBCF4D7,358,2025-12-27 17:02:45,2025-12-27 17:02:45
213897,SK-FD65C225A633,69,2026-03-07 08:14:19,2026-03-07 08:14:19
238448,SK-ABB0C9A787EE,285,2026-01-09 10:07:30,2026-01-09 10:07:30
213586,SK-F1D2EDF77B2D,232,2026-06-05 04:44:57,2026-06-05 04:44:57
214525,SK-11529FE356DC,335,2024-08-04 03:37:44,2024-08-04 03:37:44
218032,SK-0EAD9F33303F,430,2024-11-20 15:09:41,2024-11-20 15:09:41
215075,SK-859CD75083B1,167,2024-06-25 05:37:20,2024-06-25 05:37:20
238231,SK-42F11599BF5D,173,2024-07-27 18:19:44,2024-07-27 18:19:44
232665,SK-C62AF883DE39,7,2025-02-12 21:02:41,2025-02-12 21:02:41
215741,SK-3C8202CCE3F3,325,2024-10-11 23:56:09,2024-10-11 23:56:09
241907,SK-1D55DEC78202,239,2025-11-05 21:41:02,2025-11-05 21:41:02
219967,SK-F47E14602B75,313,2025-07-12 04:39:45,2025-07-12 04:39:45
214898,SK-B6EAF4366DC7,146,2024-10-18 01:25:12,2024-10-18 01:25:12
245765,SK-D0641DDCEAA0,447,2025-03-10 10:10:45,2025-03-10 10:10:45
203874,SK-E6C1506957F9,168,2025-05-11 00:34:45,2025-05-11 00:34:45
217771,SK-C1AF12725CD0,324,2025-07-27 01:54:41,2025-07-27 01:54:41
235314,SK-F1AAD9A17CDF,358,2026-02-02 09:20:34,2026-02-02 09:20:34
229687,SK-FE91BF788ABE,226,2025-03-12 03:15:40,2025-03-12 03:15:40
243737,SK-A2F801536E58,35,2025-05-22 02:38:34,2025-05-22 02:38:34
207962,SK-8374A5E9DD6C,364,2025-02-24 11:48:29,2025-02-24 11:48:29
205648,SK-7A09F68DC5EC,314,2024-07-02 14:46:24,2024-07-02 14:46:24
227302,SK-785CB8EDC636,377,2025-05-18 15:22:19,2025-05-18 15:22:19
228388,SK-37C0C36DFEFE,483,2024-12-22 14:58:35,2024-12-22 14:58:35
218268,SK-F0DCA56C858A,173,2025-02-26 18:56:02,2025-02-26 18:56:02
219024,SK-208B897C6562,373,2025-09-17 19:00:20,2025-09-17 19:00:20
239892,SK-429057EF46FD,283,2026-06-07 14:06:11,2026-06-07 14:06:11
206756,SK-1EB853898564,255,2024-11-16 05:09:34,2024-11-16 05:09:34
247059,SK-F2E61A8F887E,326,2025-11-01 01:46:09,2025-11-01 01:46:09
201006,SK-571AFB1C65C9,109,2025-04-16 03:58:09,2025-04-16 03:58:09
234297,SK-E0F9DFF6B15E,3,2026-03-18 06:05:23,2026-03-18 06:05:23
224851,SK-2CDE40336055,447,2024-09-02 17:21:41,2024-09-02 17:21:41
244370,SK-59E12303CBC0,394,2024-11-03 20:43:24,2024-11-03 20:43:24
235860,SK-994E0812E012,161,2025-11-21 20:54:03,2025-11-21 20:54:03
221936,SK-9675886084EF,413,2025-03-15 07:47:30,2025-03-15 07:47:30
207588,SK-5DD0B2C45F92,384,2025-05-14 09:16:56,2025-05-14 09:16:56
234623,SK-95C9CAF41812,77,2026-05-05 17:21:29,2026-05-05 17:21:29
207694,SK-5B5303834C96,478,2026-02-18 07:37:16,2026-02-18 07:37:16
219096,SK-E3AE8E01E0A6,454,2024-08-11 20:32:13,2024-08-11 20:32:13
205557,SK-A1570E1FC32F,424,2026-05-18 15:18:28,2026-05-18 15:18:28
210257,SK-72B879277FB0,429,2026-05-18 01:21:46,2026-05-18 01:21:46
237431,SK-795C43E12564,398,2025-08-10 04:13:40,2025-08-10 04:13:40
245750,SK-BAA0EBD52C9B,209,2025-07-04 09:13:06,2025-07-04 09:13:06
202944,SK-3E6FB29D9F52,107,2026-04-22 18:02:52,2026-04-22 18:02:52
247834,SK-34B186CD5F1C,350,2025-04-20 22:37:37,2025-04-20 22:37:37
210743,SK-07EE18650D4E,422,2024-09-05 18:46:06,2024-09-05 18:46:06
225301,SK-BBAF7C4DDBDB,443,2026-03-16 13:20:59,2026-03-16 13:20:59
205585,SK-0E22B4C5DF49,391,2024-12-14 04:08:44,2024-12-14 04:08:44
225940,SK-342CC235E52A,484,2025-10-05 22:22:15,2025-10-05 22:22:15
228923,SK-90D4FC8C579C,196,2026-03-31 07:58:00,2026-03-31 07:58:00
214956,SK-F4E51F8D8790,336,2024-06-27 09:23:40,2024-06-27 09:23:40
231616,SK-C6582A83DC9C,411,2024-07-16 11:13:59,2024-07-16 11:13:59
204379,SK-6BE6E6C65D40,303,2024-06-22 19:04:32,2024-06-22 19:04:32
210650,SK-3A338325426D,375,2026-01-21 21:37:14,2026-01-21 21:37:14
247684,SK-80B45DFF0D86,73,2026-05-22 17:56:54,2026-05-22 17:56:54
242543,SK-ABB8E042DBC6,408,2024-07-14 19:55:05,2024-07-14 19:55:05
237063,SK-F6334520998E,36,2025-06-06 04:34:45,2025-06-06 04:34:45
249814,SK-094CD5D21B84,474,2026-04-03 18:29:35,2026-04-03 18:29:35
208688,SK-143DD9CC63B7,151,2026-05-29 20:23:11,2026-05-29 20:23:11
216795,SK-3A87E84B798F,112,2024-10-02 04:21:59,2024-10-02 04:21:59
230638,SK-1B91CC834DB6,236,2026-05-23 11:13:30,2026-05-23 11:13:30
227933,SK-83729FB9E9CE,491,2025-03-12 02:05:14,2025-03-12 02:05:14
231675,SK-8895250C1008,493,2026-05-07 16:57:19,2026-05-07 16:57:19
242284,SK-6164DBDEB9FB,442,2026-02-10 22:56:15,2026-02-10 22:56:15
219986,SK-B8973D5769F9,62,2026-04-19 19:30:00,2026-04-19 19:30:00
240968,SK-6BEAD6DD96FD,370,2026-05-11 20:32:55,2026-05-11 20:32:55
230230,SK-7D4F96234469,387,2026-05-01 20:59:37,2026-05-01 20:59:37
206048,SK-901F903F16DF,3,2025-04-04 14:23:15,2025-04-04 14:23:15
235398,SK-B31BFEF3BC26,439,2026-05-25 10:34:12,2026-05-25 10:34:12
201037,SK-AA2D82AE5D4C,126,2025-07-26 04:11:27,2025-07-26 04:11:27
224156,SK-028DED1FA8FE,60,2025-11-27 06:46:40,2025-11-27 06:46:40
237997,SK-960DA908F608,155,2026-04-23 04:56:02,2026-04-23 04:56:02
210172,SK-47477CD1F5FD,467,2025-09-27 22:34:12,2025-09-27 22:34:12
235339,SK-E066CA4CA01B,345,2025-02-05 15:29:09,2025-02-05 15:29:09
248397,SK-0EFC38E31D7E,352,2024-09-03 09:33:45,2024-09-03 09:33:45
225249,SK-298670D810F5,447,2024-09-21 11:12:46,2024-09-21 11:12:46
235840,SK-B57482BD888A,3,2024-11-26 05:16:49,2024-11-26 05:16:49
212022,SK-A6D1760A5A62,177,2024-07-16 18:54:41,2024-07-16 18:54:41
204363,SK-55502725901B,191,2025-12-01 19:09:46,2025-12-01 19:09:46
216391,SK-169771A7D03D,93,2026-05-14 14:13:21,2026-05-14 14:13:21
225081,SK-E2358AD507B8,257,2024-10-10 17:44:21,2024-10-10 17:44:21
220144,SK-69FBB368B190,250,2025-12-13 02:08:00,2025-12-13 02:08:00
218218,SK-0EDFB9637AB9,314,2024-07-26 00:32:56,2024-07-26 00:32:56
223187,SK-565B6E17FB79,224,2025-05-20 02:06:28,2025-05-20 02:06:28
207839,SK-6A11D607917D,292,2025-04-27 03:33:21,2025-04-27 03:33:21
231011,SK-E3C31AA595CA,422,2025-09-06 19:34:34,2025-09-06 19:34:34
234079,SK-DCD07BE19E19,146,2025-09-08 06:36:37,2025-09-08 06:36:37
215202,SK-D6C5158A65A2,149,2026-03-08 19:54:00,2026-03-08 19:54:00
213548,SK-7A53D331639E,458,2024-08-10 02:43:48,2024-08-10 02:43:48
223432,SK-EDF5FC52F8A9,443,2024-12-29 09:03:37,2024-12-29 09:03:37
215791,SK-7D4A57B4484E,219,2025-09-09 08:47:41,2025-09-09 08:47:41
221461,SK-C77E63C056FB,211,2026-04-12 22:57:13,2026-04-12 22:57:13
242349,SK-CB80C27E1F46,69,2024-08-27 19:36:41,2024-08-27 19:36:41
227024,SK-2DC9BCC281E7,33,2024-07-23 12:14:14,2024-07-23 12:14:14
209714,SK-A4C4F27F44FC,387,2025-07-18 07:30:35,2025-07-18 07:30:35
201677,SK-0C9987CD9355,397,2024-06-28 02:18:52,2024-06-28 02:18:52
221031,SK-C9B9FA298CA6,73,2024-07-17 20:45:52,2024-07-17 20:45:52
220873,SK-B0B3CD218D2A,337,2024-07-04 09:57:40,2024-07-04 09:57:40
209704,SK-0937600FDC40,35,2024-11-11 15:00:06,2024-11-11 15:00:06
221127,SK-5A48963F7487,340,2025-12-31 19:54:23,2025-12-31 19:54:23
222619,SK-01C680717942,116,2026-03-31 19:13:34,2026-03-31 19:13:34
227634,SK-3AD10A1CD179,266,2025-11-22 09:43:20,2025-11-22 09:43:20
226500,SK-9F4593010273,481,2026-04-23 11:16:40,2026-04-23 11:16:40
244433,SK-C2C13A467F36,96,2025-06-03 03:19:49,2025-06-03 03:19:49
211508,SK-C353D68A2522,80,2026-05-19 06:44:17,2026-05-19 06:44:17
234073,SK-5B966854C01B,129,2025-04-27 23:44:19,2025-04-27 23:44:19
248678,SK-763CA549E51E,329,2024-11-15 03:30:51,2024-11-15 03:30:51
213810,SK-53203BA72B7C,193,2024-06-24 05:48:37,2024-06-24 05:48:37
249595,SK-7542E3ED268A,353,2026-06-07 00:54:14,2026-06-07 00:54:14
214432,SK-6E1D376AAD29,244,2025-07-11 16:39:34,2025-07-11 16:39:34
200497,SK-1101FBDB25CB,482,2024-09-15 11:16:28,2024-09-15 11:16:28
203713,SK-21D5DE5E7C7C,210,2026-03-13 14:44:27,2026-03-13 14:44:27
213612,SK-33DDAE2086F4,147,2025-01-17 08:06:34,2025-01-17 08:06:34
203297,SK-8E56CF90AA15,117,2026-01-21 00:03:30,2026-01-21 00:03:30
243540,SK-1EDC74DC7146,91,2024-08-17 08:36:20,2024-08-17 08:36:20
247113,SK-4DD50F9602BB,367,2025-11-10 01:19:52,2025-11-10 01:19:52
213873,SK-3E20348C2129,4,2025-07-01 18:28:53,2025-07-01 18:28:53
212562,SK-72C4A26D435D,5,2024-09-23 02:52:21,2024-09-23 02:52:21
226660,SK-A744BF579B6F,417,2025-06-22 20:54:28,2025-06-22 20:54:28
211338,SK-A6AAB98F1BDF,177,2026-04-24 11:02:15,2026-04-24 11:02:15
221822,SK-336C8868E8EE,37,2024-12-22 17:26:28,2024-12-22 17:26:28
212873,SK-7FD577E700AA,274,2025-09-22 02:00:48,2025-09-22 02:00:48
202720,SK-4926D2B00E66,401,2025-03-27 13:08:48,2025-03-27 13:08:48
247740,SK-8E62F6F70742,157,2024-12-14 19:37:09,2024-12-14 19:37:09
202632,SK-410BC75613ED,356,2025-08-02 17:59:20,2025-08-02 17:59:20
211385,SK-A6EBCBBA7EB0,104,2026-06-05 10:11:34,2026-06-05 10:11:34
218461,SK-BBBE2CD14674,464,2025-02-23 09:17:34,2025-02-23 09:17:34
